policy,kind,seed_label,scenario_seed,reward,reward_A0,reward_B0,reward_C0,reward_D0,waiting_mean,queue_mean,arrivals,switches_A0,switches_B0,switches_C0,switches_D0,pulse_offset,steps,seconds,agree_cola_mas_larga_A0,agree_cola_mas_larga_B0,agree_cola_mas_larga_C0,agree_cola_mas_larga_D0,agree_espera_mas_larga_A0,agree_espera_mas_larga_B0,agree_espera_mas_larga_C0,agree_espera_mas_larga_D0,agree_fijo_2_3_A0,agree_fijo_2_3_B0,agree_fijo_2_3_C0,agree_fijo_2_3_D0,agree_max_presion_A0,agree_max_presion_B0,agree_max_presion_C0,agree_max_presion_D0,agree_min_verde_y_cambiar_A0,agree_min_verde_y_cambiar_B0,agree_min_verde_y_cambiar_C0,agree_min_verde_y_cambiar_D0
directo_10k,direct,models/checkpoints/v2/control/direct_10k_s5/best_model.zip,23000,-1776.0,-610.0,-131.0,-577.0,-458.0,24.433333333333334,5.166666666666667,114.0,22,11,25,18,96,60,7.817057599997497,0.7,0.7833333333333333,0.6,0.55,0.7,0.7833333333333333,0.6,0.55,0.4166666666666667,0.4666666666666667,0.5666666666666667,0.4666666666666667,0.6166666666666667,0.8166666666666667,0.5166666666666667,0.6166666666666667,0.6333333333333333,0.3333333333333333,0.6833333333333333,0.5
directo_10k,direct,models/checkpoints/v2/control/direct_10k_s5/best_model.zip,23001,-1951.0,-484.0,-387.0,-781.0,-299.0,26.8,5.716666666666667,117.0,19,8,27,17,115,60,6.1206379999930505,0.6166666666666667,0.7833333333333333,0.48333333333333334,0.6666666666666666,0.6166666666666667,0.7833333333333333,0.48333333333333334,0.6666666666666666,0.5833333333333334,0.5166666666666667,0.5166666666666667,0.5833333333333334,0.5833333333333334,0.7333333333333333,0.4,0.6166666666666667,0.5,0.18333333333333332,0.8333333333333334,0.4166666666666667
directo_10k,direct,models/checkpoints/v2/control/direct_10k_s5/best_model.zip,23002,-1360.0,-235.0,-370.0,-252.0,-503.0,19.383333333333333,3.283333333333333,110.0,21,8,28,15,277,60,5.198709200005396,0.48333333333333334,0.7166666666666667,0.5666666666666667,0.65,0.5,0.7166666666666667,0.5666666666666667,0.65,0.55,0.55,0.48333333333333334,0.55,0.5833333333333334,0.8666666666666667,0.5333333333333333,0.5833333333333334,0.65,0.21666666666666667,0.8666666666666667,0.31666666666666665
directo_10k,direct,models/checkpoints/v2/control/direct_10k_s5/best_model.zip,23003,-3065.0,-693.0,-761.0,-954.0,-657.0,44.3,6.783333333333333,131.0,21,5,25,15,134,60,5.6673225999984425,0.5333333333333333,0.7166666666666667,0.5333333333333333,0.5666666666666667,0.5333333333333333,0.7166666666666667,0.5333333333333333,0.5666666666666667,0.5,0.5666666666666667,0.4666666666666667,0.5333333333333333,0.4666666666666667,0.7,0.45,0.6,0.65,0.13333333333333333,0.7833333333333333,0.31666666666666665
directo_10k,direct,models/checkpoints/v2/control/direct_10k_s5/best_model.zip,23004,-1827.0,-467.0,-418.0,-419.0,-523.0,26.05,4.4,124.0,19,13,25,15,186,60,6.502106599989929,0.5833333333333334,0.6333333333333333,0.5666666666666667,0.5333333333333333,0.5666666666666667,0.6333333333333333,0.5666666666666667,0.5333333333333333,0.5833333333333334,0.5666666666666667,0.48333333333333334,0.5,0.6666666666666666,0.7,0.48333333333333334,0.65,0.5666666666666667,0.35,0.7333333333333333,0.36666666666666664
directo_10k,direct,models/checkpoints/v2/control/direct_10k_s5/best_model.zip,23005,-7405.0,-489.0,-4347.0,-550.0,-2019.0,115.98333333333333,7.433333333333334,107.0,22,7,24,11,184,60,5.648760700001731,0.6666666666666666,0.25,0.5,0.5166666666666667,0.6833333333333333,0.25,0.5,0.5166666666666667,0.6166666666666667,0.55,0.48333333333333334,0.45,0.6666666666666666,0.7833333333333333,0.5,0.5,0.6333333333333333,0.2,0.7333333333333333,0.21666666666666667
directo_10k,direct,models/checkpoints/v2/control/direct_10k_s5/best_model.zip,23006,-2684.0,-1190.0,-465.0,-842.0,-187.0,37.083333333333336,7.65,98.0,26,22,19,21,9,60,5.746574100005091,0.5166666666666667,0.5666666666666667,0.5666666666666667,0.5,0.5333333333333333,0.5666666666666667,0.5666666666666667,0.5,0.55,0.48333333333333334,0.4,0.6333333333333333,0.5333333333333333,0.6666666666666666,0.6166666666666667,0.5666666666666667,0.7833333333333333,0.7166666666666667,0.4666666666666667,0.6166666666666667
directo_10k,direct,models/checkpoints/v2/control/direct_10k_s5/best_model.zip,23007,-2162.0,-747.0,-147.0,-1012.0,-256.0,30.016666666666666,6.016666666666667,106.0,23,15,24,21,281,60,5.551885299995774,0.55,0.7333333333333333,0.5166666666666667,0.6166666666666667,0.5666666666666667,0.7333333333333333,0.48333333333333334,0.6166666666666667,0.45,0.5333333333333333,0.4166666666666667,0.5333333333333333,0.6,0.75,0.5,0.6,0.7,0.48333333333333334,0.7,0.5166666666666667
directo_10k,direct,models/checkpoints/v2/control/direct_10k_s5/best_model.zip,23008,-14950.0,-819.0,-9275.0,-931.0,-3925.0,241.31666666666666,7.85,116.0,19,3,28,7,83,60,5.487644399996498,0.5166666666666667,0.11666666666666667,0.5333333333333333,0.4,0.5,0.11666666666666667,0.5666666666666667,0.4,0.5166666666666667,0.6,0.48333333333333334,0.6,0.5833333333333334,0.75,0.5,0.6166666666666667,0.5166666666666667,0.1,0.9333333333333333,0.13333333333333333
directo_10k,direct,models/checkpoints/v2/control/direct_10k_s5/best_model.zip,23009,-3811.0,-560.0,-365.0,-1292.0,-1594.0,55.63333333333333,7.883333333333334,111.0,20,12,24,14,111,60,5.599736099989968,0.6833333333333333,0.6833333333333333,0.4,0.4666666666666667,0.7,0.6833333333333333,0.4166666666666667,0.45,0.43333333333333335,0.5166666666666667,0.5166666666666667,0.55,0.6166666666666667,0.7666666666666667,0.5,0.4666666666666667,0.5666666666666667,0.3333333333333333,0.7166666666666667,0.3
directo_10k,direct,models/checkpoints/v2/control/direct_10k_s5/best_model.zip,23010,-3815.0,-1105.0,-183.0,-1604.0,-923.0,55.36666666666667,8.216666666666667,100.0,15,13,19,18,296,60,5.658958100000746,0.6166666666666667,0.6166666666666667,0.45,0.43333333333333335,0.6,0.6166666666666667,0.43333333333333335,0.43333333333333335,0.5833333333333334,0.5166666666666667,0.5833333333333334,0.43333333333333335,0.6,0.7833333333333333,0.5333333333333333,0.55,0.38333333333333336,0.38333333333333336,0.4666666666666667,0.5
directo_10k,direct,models/checkpoints/v2/control/direct_10k_s5/best_model.zip,23011,-1510.0,-290.0,-65.0,-636.0,-519.0,20.483333333333334,4.683333333333334,106.0,25,9,25,19,264,60,5.35106889999588,0.6833333333333333,0.8166666666666667,0.5166666666666667,0.55,0.6833333333333333,0.8166666666666667,0.5333333333333333,0.55,0.5333333333333333,0.55,0.4666666666666667,0.4666666666666667,0.6166666666666667,0.8333333333333334,0.5666666666666667,0.5833333333333334,0.6666666666666666,0.2833333333333333,0.7333333333333333,0.5
directo_10k,direct,models/checkpoints/v2/control/direct_10k_s5/best_model.zip,23012,-3790.0,-785.0,-861.0,-1706.0,-438.0,53.45,9.716666666666667,105.0,23,19,23,17,288,60,6.29936999999336,0.65,0.5,0.4166666666666667,0.4666666666666667,0.65,0.5,0.4166666666666667,0.4666666666666667,0.55,0.5833333333333334,0.4,0.6166666666666667,0.6666666666666666,0.6,0.4166666666666667,0.6,0.6666666666666666,0.6,0.6,0.4166666666666667
directo_10k,direct,models/checkpoints/v2/control/direct_10k_s5/best_model.zip,23013,-10529.0,-1498.0,-4467.0,-1286.0,-3278.0,165.0,10.483333333333333,100.0,20,6,24,11,89,60,5.801015500008361,0.5,0.4166666666666667,0.45,0.6166666666666667,0.48333333333333334,0.2833333333333333,0.43333333333333335,0.6166666666666667,0.4666666666666667,0.55,0.45,0.5333333333333333,0.55,0.75,0.4666666666666667,0.5833333333333334,0.5833333333333334,0.18333333333333332,0.7833333333333333,0.26666666666666666
directo_10k,direct,models/checkpoints/v2/control/direct_10k_s5/best_model.zip,23014,-4607.0,-991.0,-466.0,-1603.0,-1547.0,67.23333333333333,9.55,110.0,19,12,24,13,67,60,5.863750699994853,0.5,0.6,0.5833333333333334,0.4166666666666667,0.5,0.6,0.5833333333333334,0.4166666666666667,0.5666666666666667,0.55,0.38333333333333336,0.4666666666666667,0.5,0.6333333333333333,0.48333333333333334,0.5666666666666667,0.5666666666666667,0.35,0.7,0.36666666666666664
directo_10k,direct,models/checkpoints/v2/control/direct_10k_s5/best_model.zip,23015,-1775.0,-330.0,-301.0,-750.0,-394.0,24.933333333333334,4.65,115.0,19,11,24,17,232,60,5.328248899997561,0.7333333333333333,0.7166666666666667,0.36666666666666664,0.65,0.75,0.7166666666666667,0.38333333333333336,0.65,0.55,0.5666666666666667,0.43333333333333335,0.4666666666666667,0.6333333333333333,0.7166666666666667,0.45,0.6333333333333333,0.5666666666666667,0.35,0.75,0.38333333333333336
directo_10k,direct,models/checkpoints/v2/control/direct_10k_s5/best_model.zip,23016,-3615.0,-823.0,-680.0,-1312.0,-800.0,52.266666666666666,7.983333333333333,109.0,17,25,22,15,221,60,5.670735699997749,0.5166666666666667,0.5,0.4166666666666667,0.5333333333333333,0.5,0.5,0.4166666666666667,0.5333333333333333,0.6,0.43333333333333335,0.45,0.5333333333333333,0.6333333333333333,0.5333333333333333,0.45,0.5666666666666667,0.4166666666666667,0.7833333333333333,0.6333333333333333,0.36666666666666664
directo_10k,direct,models/checkpoints/v2/control/direct_10k_s5/best_model.zip,23017,-6825.0,-477.0,-3174.0,-1166.0,-2008.0,106.43333333333334,7.316666666666666,112.0,19,13,21,9,88,60,5.669595800005482,0.6833333333333333,0.43333333333333335,0.5,0.43333333333333335,0.6833333333333333,0.43333333333333335,0.5166666666666667,0.43333333333333335,0.5,0.55,0.45,0.5333333333333333,0.6166666666666667,0.65,0.43333333333333335,0.6333333333333333,0.5166666666666667,0.4166666666666667,0.6166666666666667,0.2
directo_10k,direct,models/checkpoints/v2/control/direct_10k_s5/best_model.zip,23018,-2613.0,-625.0,-443.0,-977.0,-568.0,37.21666666666667,6.333333333333333,111.0,22,11,24,18,261,60,5.720370300012291,0.6833333333333333,0.65,0.5166666666666667,0.6166666666666667,0.7,0.65,0.5166666666666667,0.6166666666666667,0.6,0.6166666666666667,0.5166666666666667,0.5666666666666667,0.6,0.8333333333333334,0.4666666666666667,0.5333333333333333,0.6166666666666667,0.31666666666666665,0.7,0.45
directo_10k,direct,models/checkpoints/v2/control/direct_10k_s5/best_model.zip,23019,-4902.0,-1256.0,-2639.0,-367.0,-640.0,76.45,5.25,108.0,17,8,27,12,190,60,5.263883000006899,0.5,0.35,0.5833333333333334,0.5166666666666667,0.45,0.35,0.5833333333333334,0.5166666666666667,0.48333333333333334,0.43333333333333335,0.5,0.5166666666666667,0.6666666666666666,0.75,0.48333333333333334,0.5333333333333333,0.48333333333333334,0.2,0.8,0.3
directo_10k,direct,models/checkpoints/v2/control/direct_10k_s5/best_model.zip,23020,-3385.0,-550.0,-491.0,-883.0,-1461.0,48.6,7.816666666666666,119.0,23,14,25,19,183,60,5.688215599991963,0.5833333333333334,0.6,0.5333333333333333,0.5,0.6,0.6,0.5333333333333333,0.5,0.5166666666666667,0.4666666666666667,0.48333333333333334,0.5,0.65,0.75,0.5166666666666667,0.43333333333333335,0.6166666666666667,0.4,0.7166666666666667,0.5
directo_10k,direct,models/checkpoints/v2/control/direct_10k_s5/best_model.zip,23021,-2422.0,-943.0,-312.0,-850.0,-317.0,33.88333333333333,6.483333333333333,108.0,21,17,25,16,78,60,5.463379699998768,0.7333333333333333,0.65,0.5,0.6166666666666667,0.7333333333333333,0.65,0.5166666666666667,0.6166666666666667,0.6,0.5,0.4,0.4166666666666667,0.6333333333333333,0.7,0.5,0.6666666666666666,0.6166666666666667,0.5,0.6833333333333333,0.4
directo_10k,direct,models/checkpoints/v2/control/direct_10k_s5/best_model.zip,23022,-3155.0,-1228.0,-754.0,-663.0,-510.0,45.56666666666667,7.016666666666667,109.0,20,15,20,20,277,60,5.579358200004208,0.65,0.5666666666666667,0.5166666666666667,0.43333333333333335,0.65,0.5833333333333334,0.5166666666666667,0.43333333333333335,0.5,0.6333333333333333,0.4,0.45,0.65,0.65,0.4666666666666667,0.55,0.5833333333333334,0.4166666666666667,0.5666666666666667,0.5333333333333333
directo_10k,direct,models/checkpoints/v2/control/direct_10k_s5/best_model.zip,23023,-8053.0,-1267.0,-2395.0,-1868.0,-2523.0,126.43333333333334,7.783333333333333,108.0,19,10,17,11,217,60,5.500836200008052,0.6333333333333333,0.4,0.4166666666666667,0.3333333333333333,0.65,0.4,0.4166666666666667,0.3333333333333333,0.5,0.5666666666666667,0.5166666666666667,0.5,0.5166666666666667,0.8,0.4666666666666667,0.55,0.5666666666666667,0.26666666666666666,0.48333333333333334,0.31666666666666665
directo_10k,direct,models/checkpoints/v2/control/direct_10k_s5/best_model.zip,23024,-2715.0,-454.0,-322.0,-1315.0,-624.0,37.733333333333334,7.516666666666667,129.0,22,21,25,18,101,60,5.784877300000517,0.55,0.5833333333333334,0.5833333333333334,0.5666666666666667,0.5333333333333333,0.5833333333333334,0.5666666666666667,0.5666666666666667,0.5166666666666667,0.65,0.5166666666666667,0.48333333333333334,0.5833333333333334,0.7166666666666667,0.5833333333333334,0.5833333333333334,0.65,0.6166666666666667,0.7166666666666667,0.45
directo_10k,direct,models/checkpoints/v2/control/direct_10k_s5/best_model.zip,23025,-2769.0,-265.0,-227.0,-934.0,-1343.0,39.46666666666667,6.683333333333334,118.0,27,2,29,13,97,60,5.828346100010094,0.6666666666666666,0.8333333333333334,0.48333333333333334,0.5333333333333333,0.6666666666666666,0.8333333333333334,0.5166666666666667,0.5333333333333333,0.5166666666666667,0.55,0.45,0.5833333333333334,0.5333333333333333,0.8833333333333333,0.55,0.6,0.85,0.06666666666666667,0.95,0.31666666666666665
directo_10k,direct,models/checkpoints/v2/control/direct_10k_s5/best_model.zip,23026,-4789.0,-306.0,-2300.0,-846.0,-1337.0,72.98333333333333,6.833333333333333,110.0,18,5,27,10,139,60,5.629880599997705,0.75,0.4,0.5833333333333334,0.65,0.7166666666666667,0.4,0.6,0.65,0.55,0.5666666666666667,0.5166666666666667,0.5,0.7,0.7833333333333333,0.45,0.6166666666666667,0.48333333333333334,0.15,0.8,0.21666666666666667
directo_10k,direct,models/checkpoints/v2/control/direct_10k_s5/best_model.zip,23027,-2599.0,-601.0,-337.0,-916.0,-745.0,37.833333333333336,5.483333333333333,114.0,19,11,24,12,61,60,5.30460000000312,0.5833333333333334,0.5333333333333333,0.5166666666666667,0.5166666666666667,0.6,0.5333333333333333,0.5333333333333333,0.5166666666666667,0.5,0.55,0.4166666666666667,0.4666666666666667,0.6833333333333333,0.7666666666666667,0.5333333333333333,0.5833333333333334,0.5333333333333333,0.35,0.75,0.3
directo_10k,direct,models/checkpoints/v2/control/direct_10k_s5/best_model.zip,23028,-3832.0,-1500.0,-995.0,-1013.0,-324.0,56.25,7.616666666666666,122.0,18,17,22,16,257,60,5.633732799993595,0.5833333333333334,0.36666666666666664,0.48333333333333334,0.5166666666666667,0.5833333333333334,0.35,0.48333333333333334,0.5166666666666667,0.5166666666666667,0.55,0.4666666666666667,0.5833333333333334,0.6166666666666667,0.65,0.5166666666666667,0.6666666666666666,0.4666666666666667,0.55,0.6166666666666667,0.45
directo_10k,direct,models/checkpoints/v2/control/direct_10k_s5/best_model.zip,23029,-3954.0,-708.0,-1837.0,-776.0,-633.0,58.3,7.6,137.0,23,8,25,13,190,60,6.048626299991156,0.6166666666666667,0.43333333333333335,0.5333333333333333,0.55,0.6,0.4166666666666667,0.55,0.55,0.5333333333333333,0.55,0.55,0.6,0.6,0.8166666666666667,0.5333333333333333,0.6166666666666667,0.7166666666666667,0.21666666666666667,0.7666666666666667,0.35
directo_10k,direct,models/checkpoints/v2/control/direct_10k_s6/best_model.zip,23000,-33360.0,-28949.0,-775.0,-3099.0,-537.0,542.4166666666666,13.583333333333334,102.0,7,3,15,25,96,60,5.8636128999933135,0.21666666666666667,0.7666666666666667,0.3,0.5333333333333333,0.21666666666666667,0.7666666666666667,0.3,0.5333333333333333,0.5833333333333334,0.5166666666666667,0.6166666666666667,0.5333333333333333,0.21666666666666667,0.9333333333333333,0.36666666666666664,0.6166666666666667,0.18333333333333332,0.06666666666666667,0.43333333333333335,0.8
directo_10k,direct,models/checkpoints/v2/control/direct_10k_s6/best_model.zip,23001,-2381.0,-520.0,-311.0,-1386.0,-164.0,33.25,6.433333333333334,115.0,21,19,23,17,115,60,5.749821199991857,0.6,0.6166666666666667,0.4666666666666667,0.6833333333333333,0.6166666666666667,0.6166666666666667,0.4666666666666667,0.6833333333333333,0.45,0.4666666666666667,0.5,0.5166666666666667,0.55,0.6833333333333333,0.5666666666666667,0.6833333333333333,0.6,0.5333333333333333,0.6333333333333333,0.4
directo_10k,direct,models/checkpoints/v2/control/direct_10k_s6/best_model.zip,23002,-1290.0,-441.0,-171.0,-321.0,-357.0,17.883333333333333,3.6166666666666667,116.0,24,17,28,16,277,60,5.218354600001476,0.5,0.65,0.4,0.5333333333333333,0.5,0.65,0.4,0.5333333333333333,0.55,0.5333333333333333,0.48333333333333334,0.6,0.6166666666666667,0.75,0.48333333333333334,0.6166666666666667,0.6833333333333333,0.4666666666666667,0.9333333333333333,0.4166666666666667
directo_10k,direct,models/checkpoints/v2/control/direct_10k_s6/best_model.zip,23003,-5665.0,-474.0,-1554.0,-2748.0,-889.0,86.16666666666667,8.25,125.0,24,16,20,13,134,60,5.580236099995091,0.5166666666666667,0.48333333333333334,0.5333333333333333,0.5,0.5166666666666667,0.48333333333333334,0.5166666666666667,0.5,0.48333333333333334,0.5166666666666667,0.55,0.6166666666666667,0.5833333333333334,0.65,0.4166666666666667,0.75,0.7,0.4666666666666667,0.6333333333333333,0.35
directo_10k,direct,models/checkpoints/v2/control/direct_10k_s6/best_model.zip,23004,-6653.0,-598.0,-2066.0,-3616.0,-373.0,102.85,8.033333333333333,121.0,17,9,17,17,186,60,5.494461499998579,0.5,0.43333333333333335,0.45,0.5333333333333333,0.5166666666666667,0.4166666666666667,0.4666666666666667,0.5333333333333333,0.5,0.5666666666666667,0.5166666666666667,0.5166666666666667,0.6,0.8,0.5166666666666667,0.6333333333333333,0.48333333333333334,0.25,0.5166666666666667,0.43333333333333335
directo_10k,direct,models/checkpoints/v2/control/direct_10k_s6/best_model.zip,23005,-2243.0,-530.0,-416.0,-862.0,-435.0,32.56666666666667,4.816666666666666,112.0,21,21,24,14,184,60,5.275659599996288,0.48333333333333334,0.5166666666666667,0.43333333333333335,0.55,0.48333333333333334,0.5166666666666667,0.43333333333333335,0.55,0.5166666666666667,0.5166666666666667,0.5666666666666667,0.5666666666666667,0.55,0.6333333333333333,0.4666666666666667,0.6833333333333333,0.5833333333333334,0.65,0.6833333333333333,0.36666666666666664
directo_10k,direct,models/checkpoints/v2/control/direct_10k_s6/best_model.zip,23006,-10753.0,-5682.0,-2833.0,-1782.0,-456.0,169.26666666666668,9.95,101.0,14,10,20,25,9,60,5.752615900011733,0.26666666666666666,0.36666666666666664,0.43333333333333335,0.45,0.26666666666666666,0.36666666666666664,0.45,0.45,0.5666666666666667,0.5833333333333334,0.43333333333333335,0.5333333333333333,0.43333333333333335,0.7833333333333333,0.5166666666666667,0.5333333333333333,0.43333333333333335,0.26666666666666666,0.5833333333333334,0.8166666666666667
directo_10k,direct,models/checkpoints/v2/control/direct_10k_s6/best_model.zip,23007,-25278.0,-16537.0,-2219.0,-6313.0,-209.0,408.9,12.4,90.0,9,7,17,20,281,60,5.78556540000136,0.35,0.4,0.3,0.6,0.35,0.4,0.31666666666666665,0.6,0.5833333333333334,0.4666666666666667,0.5666666666666667,0.6166666666666667,0.36666666666666664,0.8333333333333334,0.45,0.6833333333333333,0.21666666666666667,0.16666666666666666,0.5,0.5666666666666667
directo_10k,direct,models/checkpoints/v2/control/direct_10k_s6/best_model.zip,23008,-12984.0,-4886.0,-5993.0,-1082.0,-1023.0,207.26666666666668,9.133333333333333,117.0,15,14,24,16,83,60,5.629742500008433,0.43333333333333335,0.25,0.5,0.43333333333333335,0.4166666666666667,0.25,0.4666666666666667,0.43333333333333335,0.5666666666666667,0.5333333333333333,0.4,0.6,0.38333333333333336,0.55,0.5666666666666667,0.7833333333333333,0.43333333333333335,0.45,0.7333333333333333,0.4666666666666667
directo_10k,direct,models/checkpoints/v2/control/direct_10k_s6/best_model.zip,23009,-3202.0,-519.0,-317.0,-1318.0,-1048.0,46.45,6.916666666666667,115.0,27,23,21,17,111,60,5.5134661000047345,0.45,0.6,0.48333333333333334,0.43333333333333335,0.45,0.6,0.5166666666666667,0.43333333333333335,0.5333333333333333,0.55,0.5833333333333334,0.5666666666666667,0.5166666666666667,0.65,0.5,0.6833333333333333,0.8666666666666667,0.6166666666666667,0.5833333333333334,0.43333333333333335
directo_10k,direct,models/checkpoints/v2/control/direct_10k_s6/best_model.zip,23010,-79025.0,-53213.0,-9280.0,-15891.0,-641.0,1293.85,23.233333333333334,70.0,2,1,10,25,296,60,6.189953699999023,0.23333333333333334,0.3333333333333333,0.25,0.5833333333333334,0.23333333333333334,0.3333333333333333,0.23333333333333334,0.5833333333333334,0.55,0.5666666666666667,0.5,0.5,0.26666666666666666,0.6833333333333333,0.4166666666666667,0.5666666666666667,0.05,0.03333333333333333,0.3,0.8
directo_10k,direct,models/checkpoints/v2/control/direct_10k_s6/best_model.zip,23011,-15654.0,-11175.0,-3203.0,-576.0,-700.0,249.96666666666667,10.933333333333334,98.0,8,8,24,17,264,60,5.732704499998363,0.3333333333333333,0.31666666666666665,0.55,0.5833333333333334,0.3333333333333333,0.3,0.55,0.5833333333333334,0.5666666666666667,0.5166666666666667,0.4666666666666667,0.5166666666666667,0.38333333333333336,0.7666666666666667,0.5,0.6333333333333333,0.23333333333333334,0.25,0.75,0.5166666666666667
directo_10k,direct,models/checkpoints/v2/control/direct_10k_s6/best_model.zip,23012,-17751.0,-14291.0,-815.0,-2005.0,-640.0,283.45,12.4,105.0,10,9,22,19,288,60,6.201606799993897,0.2833333333333333,0.5666666666666667,0.4,0.5166666666666667,0.2833333333333333,0.55,0.4,0.5166666666666667,0.6166666666666667,0.6,0.5166666666666667,0.55,0.4666666666666667,0.8166666666666667,0.4166666666666667,0.5333333333333333,0.3,0.3,0.5833333333333334,0.5833333333333334
directo_10k,direct,models/checkpoints/v2/control/direct_10k_s6/best_model.zip,23013,-8809.0,-881.0,-2292.0,-4954.0,-682.0,136.58333333333334,10.233333333333333,107.0,19,15,21,19,89,60,5.785097499989206,0.5,0.55,0.4,0.5166666666666667,0.5,0.55,0.4,0.5166666666666667,0.55,0.5,0.55,0.5833333333333334,0.5833333333333334,0.7333333333333333,0.38333333333333336,0.6166666666666667,0.6,0.4166666666666667,0.6166666666666667,0.55
directo_10k,direct,models/checkpoints/v2/control/direct_10k_s6/best_model.zip,23014,-25576.0,-9988.0,-7156.0,-7606.0,-826.0,409.2,17.066666666666666,109.0,13,7,8,20,67,60,6.266769500012742,0.4166666666666667,0.26666666666666666,0.5333333333333333,0.5333333333333333,0.4166666666666667,0.26666666666666666,0.5333333333333333,0.5333333333333333,0.5666666666666667,0.5666666666666667,0.5,0.5833333333333334,0.4,0.6333333333333333,0.65,0.6166666666666667,0.36666666666666664,0.21666666666666667,0.18333333333333332,0.5833333333333334
directo_10k,direct,models/checkpoints/v2/control/direct_10k_s6/best_model.zip,23015,-10337.0,-3715.0,-1210.0,-4438.0,-974.0,164.05,8.233333333333333,111.0,15,15,14,17,232,60,5.495574500004295,0.4166666666666667,0.4,0.35,0.5,0.4166666666666667,0.38333333333333336,0.35,0.5,0.5,0.5833333333333334,0.5,0.6333333333333333,0.55,0.7833333333333333,0.43333333333333335,0.5833333333333334,0.43333333333333335,0.45,0.4,0.4
directo_10k,direct,models/checkpoints/v2/control/direct_10k_s6/best_model.zip,23016,-84261.0,-67222.0,-7916.0,-8202.0,-921.0,1385.6333333333334,18.716666666666665,103.0,1,5,7,14,221,60,5.9475156999978935,0.05,0.11666666666666667,0.31666666666666665,0.5333333333333333,0.05,0.11666666666666667,0.31666666666666665,0.5166666666666667,0.6166666666666667,0.6,0.5666666666666667,0.55,0.2,0.75,0.36666666666666664,0.6833333333333333,0.03333333333333333,0.16666666666666666,0.16666666666666666,0.38333333333333336
directo_10k,direct,models/checkpoints/v2/control/direct_10k_s6/best_model.zip,23017,-48818.0,-29222.0,-13665.0,-5668.0,-263.0,798.1333333333333,15.5,94.0,5,3,17,22,88,60,5.957118899998022,0.18333333333333332,0.31666666666666665,0.25,0.5,0.21666666666666667,0.21666666666666667,0.25,0.5,0.55,0.5833333333333334,0.4666666666666667,0.55,0.25,0.6,0.4166666666666667,0.55,0.13333333333333333,0.06666666666666667,0.5333333333333333,0.6666666666666666
directo_10k,direct,models/checkpoints/v2/control/direct_10k_s6/best_model.zip,23018,-14305.0,-11527.0,-993.0,-1514.0,-271.0,227.7,10.716666666666667,97.0,11,7,24,22,261,60,5.993595199994161,0.4,0.6,0.5,0.45,0.4,0.6,0.5,0.45,0.6,0.5666666666666667,0.4666666666666667,0.5,0.48333333333333334,0.7666666666666667,0.5833333333333334,0.55,0.31666666666666665,0.15,0.7333333333333333,0.7
directo_10k,direct,models/checkpoints/v2/control/direct_10k_s6/best_model.zip,23019,-2201.0,-861.0,-196.0,-888.0,-256.0,32.28333333333333,4.4,108.0,21,15,21,14,190,60,5.170796300008078,0.45,0.7166666666666667,0.5833333333333334,0.6666666666666666,0.45,0.7166666666666667,0.5833333333333334,0.6666666666666666,0.5333333333333333,0.5333333333333333,0.4666666666666667,0.6,0.43333333333333335,0.6833333333333333,0.55,0.75,0.6666666666666666,0.38333333333333336,0.55,0.36666666666666664
directo_10k,direct,models/checkpoints/v2/control/direct_10k_s6/best_model.zip,23020,-4132.0,-919.0,-971.0,-1898.0,-344.0,59.35,9.516666666666667,120.0,23,15,24,19,183,60,5.973385799996322,0.48333333333333334,0.38333333333333336,0.55,0.6333333333333333,0.4666666666666667,0.38333333333333336,0.5666666666666667,0.6333333333333333,0.43333333333333335,0.5,0.45,0.5166666666666667,0.4666666666666667,0.6666666666666666,0.48333333333333334,0.5833333333333334,0.6333333333333333,0.4166666666666667,0.7166666666666667,0.55
directo_10k,direct,models/checkpoints/v2/control/direct_10k_s6/best_model.zip,23021,-73464.0,-4211.0,-13126.0,-55616.0,-511.0,1204.1,20.3,84.0,10,1,3,27,78,60,5.836240199991153,0.38333333333333336,0.2,0.1,0.4666666666666667,0.38333333333333336,0.2,0.1,0.4666666666666667,0.55,0.55,0.5833333333333334,0.5,0.6166666666666667,0.7,0.2833333333333333,0.5166666666666667,0.26666666666666666,0.03333333333333333,0.08333333333333333,0.8666666666666667
directo_10k,direct,models/checkpoints/v2/control/direct_10k_s6/best_model.zip,23022,-56565.0,-28650.0,-14369.0,-13159.0,-387.0,919.8666666666667,22.883333333333333,85.0,7,3,10,26,277,60,6.3422951999964425,0.35,0.26666666666666666,0.3333333333333333,0.4666666666666667,0.35,0.18333333333333332,0.35,0.4666666666666667,0.5833333333333334,0.6,0.4,0.4166666666666667,0.2833333333333333,0.6833333333333333,0.35,0.5166666666666667,0.16666666666666666,0.08333333333333333,0.26666666666666666,0.8166666666666667
directo_10k,direct,models/checkpoints/v2/control/direct_10k_s6/best_model.zip,23023,-5077.0,-2310.0,-2228.0,-332.0,-207.0,79.73333333333333,4.883333333333334,115.0,14,12,24,21,217,60,5.259909500004142,0.4166666666666667,0.45,0.5,0.5833333333333334,0.4,0.45,0.5,0.6,0.5333333333333333,0.55,0.5166666666666667,0.55,0.5666666666666667,0.75,0.5333333333333333,0.6333333333333333,0.38333333333333336,0.31666666666666665,0.7,0.6166666666666667
directo_10k,direct,models/checkpoints/v2/control/direct_10k_s6/best_model.zip,23024,-3645.0,-828.0,-683.0,-1501.0,-633.0,53.28333333333333,7.466666666666667,129.0,21,13,25,18,101,60,5.779016300002695,0.55,0.5333333333333333,0.4666666666666667,0.5166666666666667,0.55,0.5333333333333333,0.45,0.48333333333333334,0.5166666666666667,0.5833333333333334,0.4666666666666667,0.5833333333333334,0.5333333333333333,0.7166666666666667,0.43333333333333335,0.7,0.6,0.36666666666666664,0.7166666666666667,0.5166666666666667
directo_10k,direct,models/checkpoints/v2/control/direct_10k_s6/best_model.zip,23025,-2612.0,-436.0,-377.0,-1315.0,-484.0,35.8,7.733333333333333,120.0,26,21,24,21,97,60,5.803279600004316,0.65,0.55,0.43333333333333335,0.65,0.6666666666666666,0.55,0.48333333333333334,0.65,0.5,0.4666666666666667,0.55,0.55,0.5,0.6833333333333333,0.4166666666666667,0.5666666666666667,0.85,0.55,0.75,0.5833333333333334
directo_10k,direct,models/checkpoints/v2/control/direct_10k_s6/best_model.zip,23026,-7960.0,-3176.0,-2413.0,-2096.0,-275.0,124.58333333333333,8.083333333333334,117.0,15,10,18,23,139,60,5.524105599994073,0.4666666666666667,0.3,0.4666666666666667,0.6,0.4666666666666667,0.3,0.45,0.6166666666666667,0.5166666666666667,0.4666666666666667,0.48333333333333334,0.6166666666666667,0.5666666666666667,0.7666666666666667,0.5,0.6666666666666666,0.4,0.3,0.5,0.7
directo_10k,direct,models/checkpoints/v2/control/direct_10k_s6/best_model.zip,23027,-12114.0,-2001.0,-3576.0,-6130.0,-407.0,192.18333333333334,9.716666666666667,109.0,17,11,18,19,61,60,5.372548600003938,0.45,0.3333333333333333,0.36666666666666664,0.4666666666666667,0.45,0.3333333333333333,0.38333333333333336,0.4666666666666667,0.6333333333333333,0.55,0.43333333333333335,0.5666666666666667,0.4666666666666667,0.7,0.4166666666666667,0.65,0.5166666666666667,0.31666666666666665,0.5333333333333333,0.55
directo_10k,direct,models/checkpoints/v2/control/direct_10k_s6/best_model.zip,23028,-72096.0,-29595.0,-9611.0,-32305.0,-585.0,1181.9666666666667,19.633333333333333,88.0,6,3,12,24,257,60,6.190850900005898,0.21666666666666667,0.2,0.21666666666666667,0.5,0.23333333333333334,0.2,0.23333333333333334,0.5,0.5833333333333334,0.5833333333333334,0.5666666666666667,0.55,0.3333333333333333,0.7833333333333333,0.3,0.6,0.18333333333333332,0.08333333333333333,0.36666666666666664,0.7833333333333333
directo_10k,direct,models/checkpoints/v2/control/direct_10k_s6/best_model.zip,23029,-4215.0,-600.0,-879.0,-2340.0,-396.0,59.88333333333333,10.366666666666667,122.0,27,26,19,15,190,60,6.34852120000869,0.5166666666666667,0.5333333333333333,0.5,0.6666666666666666,0.5166666666666667,0.5333333333333333,0.5,0.6666666666666666,0.48333333333333334,0.45,0.5333333333333333,0.5666666666666667,0.5,0.5333333333333333,0.55,0.6666666666666666,0.8666666666666667,0.85,0.55,0.4
directo_10k,direct,models/checkpoints/v2/control/direct_10k_s7/best_model.zip,23000,-2011.0,-790.0,-214.0,-724.0,-283.0,27.6,5.916666666666667,118.0,20,15,23,24,96,60,5.458490799996071,0.6666666666666666,0.7666666666666667,0.55,0.55,0.6833333333333333,0.7666666666666667,0.5666666666666667,0.55,0.48333333333333334,0.5666666666666667,0.43333333333333335,0.5166666666666667,0.48333333333333334,0.85,0.5166666666666667,0.5666666666666667,0.43333333333333335,0.4,0.5833333333333334,0.65
directo_10k,direct,models/checkpoints/v2/control/direct_10k_s7/best_model.zip,23001,-3124.0,-430.0,-243.0,-1964.0,-487.0,43.88333333333333,8.183333333333334,109.0,18,13,21,19,115,60,5.681548200009274,0.6666666666666666,0.75,0.45,0.5333333333333333,0.6666666666666666,0.75,0.48333333333333334,0.5333333333333333,0.5,0.55,0.43333333333333335,0.48333333333333334,0.5166666666666667,0.6666666666666666,0.4166666666666667,0.5166666666666667,0.43333333333333335,0.36666666666666664,0.5833333333333334,0.5
directo_10k,direct,models/checkpoints/v2/control/direct_10k_s7/best_model.zip,23002,-1788.0,-476.0,-156.0,-727.0,-429.0,25.016666666666666,4.783333333333333,110.0,17,16,19,20,277,60,5.214000899999519,0.6833333333333333,0.7166666666666667,0.5666666666666667,0.6,0.6833333333333333,0.7166666666666667,0.5666666666666667,0.5833333333333334,0.4666666666666667,0.5,0.4,0.6166666666666667,0.5666666666666667,0.7,0.6,0.6333333333333333,0.45,0.43333333333333335,0.55,0.55
directo_10k,direct,models/checkpoints/v2/control/direct_10k_s7/best_model.zip,23003,-2478.0,-458.0,-221.0,-1291.0,-508.0,34.6,6.7,131.0,23,16,20,21,134,60,5.514536799993948,0.5833333333333334,0.7166666666666667,0.5,0.6166666666666667,0.5833333333333334,0.7166666666666667,0.5166666666666667,0.6166666666666667,0.5,0.5333333333333333,0.4,0.6,0.43333333333333335,0.75,0.4,0.65,0.6833333333333333,0.43333333333333335,0.5333333333333333,0.55
directo_10k,direct,models/checkpoints/v2/control/direct_10k_s7/best_model.zip,23004,-16229.0,-732.0,-2408.0,-4847.0,-8242.0,259.55,10.933333333333334,113.0,23,3,7,3,186,60,5.457153600000311,0.5666666666666667,0.35,0.3333333333333333,0.15,0.5666666666666667,0.35,0.3333333333333333,0.15,0.5166666666666667,0.5666666666666667,0.5166666666666667,0.6166666666666667,0.5166666666666667,0.8333333333333334,0.55,0.6333333333333333,0.7166666666666667,0.08333333333333333,0.16666666666666666,0.08333333333333333
directo_10k,direct,models/checkpoints/v2/control/direct_10k_s7/best_model.zip,23005,-2345.0,-709.0,-1036.0,-526.0,-74.0,32.95,6.133333333333334,111.0,19,19,18,20,184,60,5.465742300002603,0.65,0.5666666666666667,0.5666666666666667,0.48333333333333334,0.6666666666666666,0.5666666666666667,0.5333333333333333,0.48333333333333334,0.5166666666666667,0.55,0.45,0.5166666666666667,0.55,0.6333333333333333,0.6,0.6166666666666667,0.4666666666666667,0.6,0.48333333333333334,0.6166666666666667
directo_10k,direct,models/checkpoints/v2/control/direct_10k_s7/best_model.zip,23006,-2421.0,-1460.0,-249.0,-374.0,-338.0,32.983333333333334,7.366666666666666,99.0,23,23,27,22,9,60,5.696842599994852,0.5,0.55,0.7,0.5333333333333333,0.5166666666666667,0.55,0.7166666666666667,0.5333333333333333,0.4166666666666667,0.5,0.5166666666666667,0.5833333333333334,0.4,0.6833333333333333,0.55,0.6833333333333333,0.6,0.6166666666666667,0.8833333333333333,0.6333333333333333
directo_10k,direct,models/checkpoints/v2/control/direct_10k_s7/best_model.zip,23007,-2512.0,-615.0,-267.0,-1353.0,-277.0,35.56666666666667,6.3,104.0,19,15,18,23,281,60,5.5689151999977184,0.65,0.7666666666666667,0.6166666666666667,0.5833333333333334,0.65,0.7666666666666667,0.6,0.5833333333333334,0.6166666666666667,0.55,0.48333333333333334,0.65,0.5333333333333333,0.7166666666666667,0.65,0.65,0.4166666666666667,0.35,0.48333333333333334,0.6166666666666667
directo_10k,direct,models/checkpoints/v2/control/direct_10k_s7/best_model.zip,23008,-3248.0,-615.0,-213.0,-1459.0,-961.0,47.483333333333334,6.65,117.0,20,15,18,18,83,60,5.5067665000096895,0.5833333333333334,0.7,0.5,0.5666666666666667,0.5833333333333334,0.7,0.5,0.5666666666666667,0.4166666666666667,0.6166666666666667,0.4666666666666667,0.5833333333333334,0.4166666666666667,0.8,0.4166666666666667,0.6666666666666666,0.48333333333333334,0.38333333333333336,0.5,0.4666666666666667
directo_10k,direct,models/checkpoints/v2/control/direct_10k_s7/best_model.zip,23009,-2936.0,-323.0,-532.0,-1577.0,-504.0,42.03333333333333,6.9,114.0,15,17,18,20,111,60,5.5975204999995185,0.65,0.7166666666666667,0.5333333333333333,0.5,0.65,0.7166666666666667,0.48333333333333334,0.5,0.45,0.5166666666666667,0.4,0.48333333333333334,0.5333333333333333,0.7666666666666667,0.5666666666666667,0.6,0.31666666666666665,0.45,0.5166666666666667,0.55
directo_10k,direct,models/checkpoints/v2/control/direct_10k_s7/best_model.zip,23010,-2802.0,-971.0,-305.0,-851.0,-675.0,38.516666666666666,8.183333333333334,98.0,24,17,19,21,296,60,5.6310646000056295,0.5666666666666667,0.6833333333333333,0.48333333333333334,0.48333333333333334,0.5666666666666667,0.6833333333333333,0.48333333333333334,0.48333333333333334,0.5333333333333333,0.5166666666666667,0.48333333333333334,0.48333333333333334,0.45,0.7833333333333333,0.45,0.55,0.65,0.4666666666666667,0.5333333333333333,0.55
directo_10k,direct,models/checkpoints/v2/control/direct_10k_s7/best_model.zip,23011,-2904.0,-975.0,-384.0,-797.0,-748.0,41.916666666666664,6.483333333333333,106.0,21,12,16,20,264,60,5.362487599995802,0.5166666666666667,0.6,0.5666666666666667,0.48333333333333334,0.5166666666666667,0.6,0.5833333333333334,0.48333333333333334,0.6,0.5,0.4166666666666667,0.5666666666666667,0.45,0.65,0.6,0.5666666666666667,0.5,0.35,0.45,0.5666666666666667
directo_10k,direct,models/checkpoints/v2/control/direct_10k_s7/best_model.zip,23012,-1930.0,-1013.0,-107.0,-520.0,-290.0,25.383333333333333,6.783333333333333,118.0,24,21,26,22,288,60,5.848730900004739,0.5166666666666667,0.65,0.6333333333333333,0.55,0.5333333333333333,0.65,0.6333333333333333,0.55,0.4,0.5166666666666667,0.43333333333333335,0.6,0.4,0.7,0.5333333333333333,0.6333333333333333,0.6166666666666667,0.5833333333333334,0.8,0.6166666666666667
directo_10k,direct,models/checkpoints/v2/control/direct_10k_s7/best_model.zip,23013,-2393.0,-584.0,-369.0,-801.0,-639.0,32.983333333333334,6.9,113.0,15,22,21,24,89,60,5.708576999997604,0.7,0.5666666666666667,0.6333333333333333,0.4666666666666667,0.7,0.5666666666666667,0.6333333333333333,0.4666666666666667,0.48333333333333334,0.5666666666666667,0.4666666666666667,0.5,0.5,0.6,0.5333333333333333,0.48333333333333334,0.3333333333333333,0.65,0.6333333333333333,0.7833333333333333
directo_10k,direct,models/checkpoints/v2/control/direct_10k_s7/best_model.zip,23014,-2859.0,-449.0,-636.0,-1519.0,-255.0,40.21666666666667,7.433333333333334,121.0,15,18,23,21,67,60,5.592280900003971,0.6666666666666666,0.6666666666666666,0.5833333333333334,0.6333333333333333,0.6666666666666666,0.6666666666666666,0.6,0.6333333333333333,0.5333333333333333,0.5,0.4,0.6,0.5666666666666667,0.6,0.48333333333333334,0.65,0.2833333333333333,0.48333333333333334,0.6833333333333333,0.5833333333333334
directo_10k,direct,models/checkpoints/v2/control/direct_10k_s7/best_model.zip,23015,-1918.0,-411.0,-338.0,-766.0,-403.0,27.4,4.566666666666666,115.0,17,11,17,16,232,60,5.200349100006861,0.7333333333333333,0.7166666666666667,0.5833333333333334,0.5833333333333334,0.7333333333333333,0.7166666666666667,0.5833333333333334,0.5833333333333334,0.6166666666666667,0.5,0.5,0.5,0.6666666666666666,0.7166666666666667,0.5833333333333334,0.6333333333333333,0.4166666666666667,0.26666666666666666,0.45,0.43333333333333335
directo_10k,direct,models/checkpoints/v2/control/direct_10k_s7/best_model.zip,23016,-5478.0,-468.0,-1109.0,-2691.0,-1210.0,82.86666666666666,8.433333333333334,113.0,21,9,15,15,221,60,5.694768100001966,0.6333333333333333,0.55,0.5333333333333333,0.4166666666666667,0.6333333333333333,0.55,0.5166666666666667,0.4166666666666667,0.5,0.5166666666666667,0.43333333333333335,0.55,0.55,0.6833333333333333,0.45,0.55,0.6,0.21666666666666667,0.43333333333333335,0.45
directo_10k,direct,models/checkpoints/v2/control/direct_10k_s7/best_model.zip,23017,-2767.0,-516.0,-334.0,-1587.0,-330.0,39.7,6.416666666666667,108.0,16,13,22,24,88,60,5.535919400004786,0.7,0.6166666666666667,0.48333333333333334,0.48333333333333334,0.7,0.6166666666666667,0.5166666666666667,0.48333333333333334,0.45,0.55,0.4666666666666667,0.43333333333333335,0.5833333333333334,0.75,0.5166666666666667,0.5833333333333334,0.4,0.35,0.65,0.6666666666666666
directo_10k,direct,models/checkpoints/v2/control/direct_10k_s7/best_model.zip,23018,-2892.0,-1194.0,-423.0,-623.0,-652.0,40.06666666666667,8.133333333333333,104.0,19,22,23,21,261,60,5.812442099995678,0.6,0.65,0.5833333333333334,0.38333333333333336,0.6,0.65,0.5666666666666667,0.38333333333333336,0.5,0.48333333333333334,0.48333333333333334,0.5333333333333333,0.4666666666666667,0.6166666666666667,0.43333333333333335,0.6166666666666667,0.48333333333333334,0.6666666666666666,0.7333333333333333,0.5833333333333334
directo_10k,direct,models/checkpoints/v2/control/direct_10k_s7/best_model.zip,23019,-24907.0,-459.0,-6209.0,-12709.0,-5530.0,403.53333333333336,11.583333333333334,90.0,22,4,5,11,190,60,5.607531000001472,0.6333333333333333,0.5333333333333333,0.35,0.15,0.6333333333333333,0.5333333333333333,0.35,0.15,0.5166666666666667,0.5333333333333333,0.45,0.55,0.5333333333333333,0.7,0.36666666666666664,0.5333333333333333,0.6166666666666667,0.08333333333333333,0.11666666666666667,0.3
directo_10k,direct,models/checkpoints/v2/control/direct_10k_s7/best_model.zip,23020,-2611.0,-767.0,-435.0,-1141.0,-268.0,36.18333333333333,7.333333333333333,127.0,19,18,22,21,183,60,5.702190399999381,0.6833333333333333,0.7333333333333333,0.6333333333333333,0.5666666666666667,0.6833333333333333,0.7333333333333333,0.6,0.5666666666666667,0.48333333333333334,0.5333333333333333,0.43333333333333335,0.5833333333333334,0.48333333333333334,0.6166666666666667,0.6,0.65,0.5166666666666667,0.48333333333333334,0.6333333333333333,0.6333333333333333
directo_10k,direct,models/checkpoints/v2/control/direct_10k_s7/best_model.zip,23021,-38482.0,-360.0,-24660.0,-11204.0,-2258.0,628.4833333333333,12.883333333333333,101.0,25,1,4,7,78,60,5.68925969999691,0.6166666666666667,0.2,0.43333333333333335,0.35,0.6166666666666667,0.2,0.4,0.35,0.55,0.5833333333333334,0.48333333333333334,0.5833333333333334,0.55,0.4166666666666667,0.43333333333333335,0.7833333333333333,0.8166666666666667,0.016666666666666666,0.1,0.16666666666666666
directo_10k,direct,models/checkpoints/v2/control/direct_10k_s7/best_model.zip,23022,-1963.0,-1074.0,-263.0,-263.0,-363.0,26.35,6.366666666666666,109.0,24,22,24,15,277,60,5.726672700009658,0.5166666666666667,0.5,0.5833333333333334,0.5166666666666667,0.55,0.5,0.5833333333333334,0.5166666666666667,0.5333333333333333,0.5166666666666667,0.5,0.5833333333333334,0.4666666666666667,0.5833333333333334,0.5,0.65,0.7,0.6666666666666666,0.7166666666666667,0.4166666666666667
directo_10k,direct,models/checkpoints/v2/control/direct_10k_s7/best_model.zip,23023,-1926.0,-811.0,-334.0,-375.0,-406.0,26.816666666666666,5.283333333333333,109.0,19,18,18,21,217,60,5.356585500005167,0.5333333333333333,0.7333333333333333,0.6333333333333333,0.4666666666666667,0.5333333333333333,0.7333333333333333,0.6333333333333333,0.4666666666666667,0.45,0.5333333333333333,0.5666666666666667,0.4,0.45,0.7166666666666667,0.5333333333333333,0.5833333333333334,0.45,0.5166666666666667,0.5166666666666667,0.6166666666666667
directo_10k,direct,models/checkpoints/v2/control/direct_10k_s7/best_model.zip,23024,-2590.0,-743.0,-442.0,-1019.0,-386.0,35.35,7.816666666666666,128.0,21,24,23,22,101,60,5.824831999998423,0.6166666666666667,0.6166666666666667,0.6333333333333333,0.5,0.6166666666666667,0.6166666666666667,0.6333333333333333,0.5,0.4666666666666667,0.5166666666666667,0.5,0.48333333333333334,0.5333333333333333,0.5166666666666667,0.5833333333333334,0.6166666666666667,0.5666666666666667,0.7,0.7166666666666667,0.6833333333333333
directo_10k,direct,models/checkpoints/v2/control/direct_10k_s7/best_model.zip,23025,-2172.0,-541.0,-196.0,-745.0,-690.0,29.55,6.65,123.0,21,18,22,22,97,60,5.600082300006761,0.7333333333333333,0.6333333333333333,0.6666666666666666,0.4,0.7333333333333333,0.6333333333333333,0.7166666666666667,0.4,0.5166666666666667,0.5,0.48333333333333334,0.4666666666666667,0.45,0.65,0.55,0.38333333333333336,0.5166666666666667,0.45,0.5833333333333334,0.6333333333333333
directo_10k,direct,models/checkpoints/v2/control/direct_10k_s7/best_model.zip,23026,-3249.0,-515.0,-298.0,-1921.0,-515.0,47.35,6.8,116.0,17,15,20,17,139,60,5.458596299999044,0.6666666666666666,0.6166666666666667,0.5333333333333333,0.48333333333333334,0.6666666666666666,0.6166666666666667,0.5,0.48333333333333334,0.45,0.55,0.5666666666666667,0.5333333333333333,0.5666666666666667,0.6833333333333333,0.45,0.6833333333333333,0.45,0.4166666666666667,0.5666666666666667,0.48333333333333334
directo_10k,direct,models/checkpoints/v2/control/direct_10k_s7/best_model.zip,23027,-13426.0,-592.0,-1659.0,-6906.0,-4269.0,213.55,10.216666666666667,107.0,22,10,11,12,61,60,7.436616799997864,0.55,0.4666666666666667,0.38333333333333336,0.2833333333333333,0.55,0.4666666666666667,0.4,0.2833333333333333,0.48333333333333334,0.5,0.5,0.5666666666666667,0.55,0.6333333333333333,0.48333333333333334,0.7333333333333333,0.5833333333333334,0.23333333333333334,0.2833333333333333,0.31666666666666665
directo_10k,direct,models/checkpoints/v2/control/direct_10k_s7/best_model.zip,23028,-2245.0,-1237.0,-265.0,-520.0,-223.0,31.0,6.416666666666667,119.0,20,21,23,22,257,60,6.987762700009625,0.5333333333333333,0.6,0.5833333333333334,0.5,0.5333333333333333,0.6,0.5833333333333334,0.5,0.45,0.5166666666666667,0.4666666666666667,0.5833333333333334,0.4166666666666667,0.5833333333333334,0.48333333333333334,0.6666666666666666,0.5166666666666667,0.6333333333333333,0.6833333333333333,0.6166666666666667
directo_10k,direct,models/checkpoints/v2/control/direct_10k_s7/best_model.zip,23029,-3434.0,-1015.0,-694.0,-1203.0,-522.0,47.36666666666667,9.866666666666667,121.0,21,25,22,21,190,60,6.439243100001477,0.6166666666666667,0.55,0.5,0.5166666666666667,0.65,0.55,0.5,0.5166666666666667,0.55,0.4166666666666667,0.43333333333333335,0.45,0.45,0.6,0.45,0.65,0.5666666666666667,0.7666666666666667,0.65,0.6
directo_10k,direct,models/checkpoints/v2/control/direct_10k_s8/best_model.zip,23000,-3815.0,-621.0,-354.0,-2255.0,-585.0,55.416666666666664,8.166666666666666,109.0,24,15,20,17,96,60,5.764273799999501,0.5833333333333334,0.65,0.6,0.5,0.5666666666666667,0.65,0.6333333333333333,0.5,0.45,0.5666666666666667,0.48333333333333334,0.5333333333333333,0.5,0.6333333333333333,0.5333333333333333,0.5666666666666667,0.7333333333333333,0.45,0.5166666666666667,0.43333333333333335
directo_10k,direct,models/checkpoints/v2/control/direct_10k_s8/best_model.zip,23001,-2328.0,-658.0,-205.0,-976.0,-489.0,31.983333333333334,6.816666666666666,112.0,22,21,22,18,115,60,5.562034399990807,0.6166666666666667,0.48333333333333334,0.5166666666666667,0.5833333333333334,0.6166666666666667,0.48333333333333334,0.55,0.5833333333333334,0.48333333333333334,0.48333333333333334,0.45,0.5166666666666667,0.48333333333333334,0.5666666666666667,0.48333333333333334,0.45,0.65,0.6333333333333333,0.6166666666666667,0.4666666666666667
directo_10k,direct,models/checkpoints/v2/control/direct_10k_s8/best_model.zip,23002,-1535.0,-575.0,-241.0,-408.0,-311.0,21.033333333333335,4.55,113.0,20,17,22,19,277,60,5.400341899992782,0.6,0.7166666666666667,0.65,0.6666666666666666,0.6,0.7166666666666667,0.65,0.6666666666666666,0.4666666666666667,0.5666666666666667,0.4666666666666667,0.55,0.5666666666666667,0.75,0.5833333333333334,0.4666666666666667,0.5666666666666667,0.5166666666666667,0.5666666666666667,0.45
directo_10k,direct,models/checkpoints/v2/control/direct_10k_s8/best_model.zip,23003,-2404.0,-826.0,-173.0,-918.0,-487.0,34.3,5.766666666666667,137.0,20,22,23,9,134,60,5.405191999991075,0.6,0.65,0.5833333333333334,0.6,0.6,0.65,0.5666666666666667,0.6,0.4666666666666667,0.6,0.45,0.55,0.5333333333333333,0.6833333333333333,0.5833333333333334,0.6833333333333333,0.55,0.6333333333333333,0.6666666666666666,0.23333333333333334
directo_10k,direct,models/checkpoints/v2/control/direct_10k_s8/best_model.zip,23004,-3528.0,-1067.0,-308.0,-1648.0,-505.0,51.016666666666666,7.783333333333333,119.0,20,19,19,19,186,60,5.50213029999577,0.5666666666666667,0.6166666666666667,0.5333333333333333,0.48333333333333334,0.5666666666666667,0.6166666666666667,0.55,0.48333333333333334,0.55,0.5166666666666667,0.5666666666666667,0.5166666666666667,0.48333333333333334,0.6666666666666666,0.48333333333333334,0.38333333333333336,0.5833333333333334,0.55,0.4666666666666667,0.48333333333333334
directo_10k,direct,models/checkpoints/v2/control/direct_10k_s8/best_model.zip,23005,-1876.0,-734.0,-199.0,-261.0,-682.0,25.583333333333332,5.683333333333334,115.0,23,23,24,17,184,60,5.4458554000011645,0.6166666666666667,0.6,0.5833333333333334,0.5666666666666667,0.65,0.6,0.6,0.5666666666666667,0.4666666666666667,0.5666666666666667,0.45,0.5833333333333334,0.5666666666666667,0.6166666666666667,0.5166666666666667,0.4666666666666667,0.7166666666666667,0.7166666666666667,0.6666666666666666,0.45
directo_10k,direct,models/checkpoints/v2/control/direct_10k_s8/best_model.zip,23006,-2476.0,-1258.0,-164.0,-846.0,-208.0,34.13333333333333,7.133333333333334,101.0,23,17,19,24,9,60,5.732510600006208,0.5166666666666667,0.75,0.55,0.5333333333333333,0.55,0.75,0.55,0.5333333333333333,0.5666666666666667,0.5333333333333333,0.55,0.45,0.45,0.7333333333333333,0.5,0.5166666666666667,0.7166666666666667,0.48333333333333334,0.5,0.7
directo_10k,direct,models/checkpoints/v2/control/direct_10k_s8/best_model.zip,23007,-2392.0,-1010.0,-172.0,-610.0,-600.0,33.81666666666667,6.05,107.0,19,16,18,16,281,60,5.598317500000121,0.5,0.6833333333333333,0.65,0.6,0.5,0.6833333333333333,0.6833333333333333,0.6,0.5333333333333333,0.5166666666666667,0.5166666666666667,0.45,0.5166666666666667,0.65,0.6,0.55,0.5666666666666667,0.43333333333333335,0.43333333333333335,0.43333333333333335
directo_10k,direct,models/checkpoints/v2/control/direct_10k_s8/best_model.zip,23008,-4067.0,-674.0,-221.0,-1774.0,-1398.0,60.0,7.783333333333333,115.0,22,23,20,17,83,60,5.5564223999972455,0.4666666666666667,0.5166666666666667,0.43333333333333335,0.4166666666666667,0.4666666666666667,0.5166666666666667,0.45,0.4166666666666667,0.5,0.5,0.5666666666666667,0.48333333333333334,0.55,0.6333333333333333,0.48333333333333334,0.5333333333333333,0.65,0.7166666666666667,0.5166666666666667,0.55
directo_10k,direct,models/checkpoints/v2/control/direct_10k_s8/best_model.zip,23009,-22878.0,-651.0,-410.0,-1278.0,-20539.0,371.68333333333334,9.616666666666667,107.0,24,26,17,1,111,60,5.666921199997887,0.4166666666666667,0.4166666666666667,0.5666666666666667,0.25,0.43333333333333335,0.4166666666666667,0.55,0.25,0.4666666666666667,0.48333333333333334,0.43333333333333335,0.6166666666666667,0.45,0.5,0.6166666666666667,0.4,0.7666666666666667,0.85,0.4,0.016666666666666666
directo_10k,direct,models/checkpoints/v2/control/direct_10k_s8/best_model.zip,23010,-3936.0,-1001.0,-629.0,-736.0,-1570.0,57.71666666666667,7.883333333333334,108.0,20,18,23,15,296,60,5.633630700001959,0.6,0.4,0.5333333333333333,0.5666666666666667,0.6,0.4,0.5333333333333333,0.5833333333333334,0.55,0.5833333333333334,0.5,0.5,0.5666666666666667,0.6666666666666666,0.4666666666666667,0.5166666666666667,0.5833333333333334,0.55,0.6166666666666667,0.38333333333333336
directo_10k,direct,models/checkpoints/v2/control/direct_10k_s8/best_model.zip,23011,-2333.0,-737.0,-292.0,-799.0,-505.0,32.916666666666664,5.966666666666667,107.0,18,18,21,15,264,60,5.508547500008717,0.65,0.65,0.6333333333333333,0.65,0.65,0.65,0.6333333333333333,0.65,0.5166666666666667,0.48333333333333334,0.5333333333333333,0.5333333333333333,0.5833333333333334,0.6,0.48333333333333334,0.5333333333333333,0.48333333333333334,0.4666666666666667,0.5166666666666667,0.36666666666666664
directo_10k,direct,models/checkpoints/v2/control/direct_10k_s8/best_model.zip,23012,-2951.0,-1531.0,-333.0,-690.0,-397.0,41.483333333333334,7.7,119.0,25,25,23,23,288,60,6.072863699999289,0.55,0.48333333333333334,0.65,0.43333333333333335,0.5833333333333334,0.48333333333333334,0.65,0.43333333333333335,0.45,0.4666666666666667,0.4166666666666667,0.5666666666666667,0.45,0.5833333333333334,0.48333333333333334,0.5166666666666667,0.8,0.7833333333333333,0.6333333333333333,0.6666666666666666
directo_10k,direct,models/checkpoints/v2/control/direct_10k_s8/best_model.zip,23013,-3878.0,-1507.0,-855.0,-1130.0,-386.0,55.766666666666666,8.866666666666667,113.0,20,21,21,17,89,60,5.8189268999994965,0.48333333333333334,0.65,0.65,0.6166666666666667,0.48333333333333334,0.6166666666666667,0.6666666666666666,0.6166666666666667,0.5166666666666667,0.5166666666666667,0.55,0.45,0.5,0.6333333333333333,0.48333333333333334,0.6166666666666667,0.6166666666666667,0.6333333333333333,0.6,0.5
directo_10k,direct,models/checkpoints/v2/control/direct_10k_s8/best_model.zip,23014,-9152.0,-394.0,-627.0,-4793.0,-3338.0,142.23333333333332,10.3,111.0,23,14,14,10,67,60,6.4117748999997275,0.6,0.6,0.48333333333333334,0.48333333333333334,0.6,0.6,0.5166666666666667,0.48333333333333334,0.5666666666666667,0.48333333333333334,0.45,0.48333333333333334,0.55,0.6333333333333333,0.48333333333333334,0.6333333333333333,0.7333333333333333,0.4166666666666667,0.31666666666666665,0.23333333333333334
directo_10k,direct,models/checkpoints/v2/control/direct_10k_s8/best_model.zip,23015,-5017.0,-805.0,-277.0,-2965.0,-970.0,76.35,7.266666666666667,103.0,18,17,20,12,232,60,5.923236000002362,0.5333333333333333,0.5666666666666667,0.5166666666666667,0.48333333333333334,0.55,0.5666666666666667,0.5166666666666667,0.48333333333333334,0.5166666666666667,0.48333333333333334,0.43333333333333335,0.5166666666666667,0.5666666666666667,0.7166666666666667,0.36666666666666664,0.45,0.5166666666666667,0.4666666666666667,0.5,0.3
directo_10k,direct,models/checkpoints/v2/control/direct_10k_s8/best_model.zip,23016,-10218.0,-6074.0,-1745.0,-1501.0,-898.0,160.73333333333332,9.566666666666666,114.0,10,9,19,13,221,60,5.7913079999998445,0.3333333333333333,0.31666666666666665,0.48333333333333334,0.5166666666666667,0.35,0.31666666666666665,0.4666666666666667,0.5166666666666667,0.5833333333333334,0.6,0.5,0.48333333333333334,0.43333333333333335,0.8,0.55,0.5666666666666667,0.23333333333333334,0.2833333333333333,0.45,0.3333333333333333
directo_10k,direct,models/checkpoints/v2/control/direct_10k_s8/best_model.zip,23017,-2195.0,-827.0,-222.0,-812.0,-334.0,30.95,5.633333333333334,117.0,21,16,21,18,88,60,5.464380600009463,0.5333333333333333,0.6333333333333333,0.5333333333333333,0.6166666666666667,0.5333333333333333,0.65,0.5333333333333333,0.6166666666666667,0.5,0.55,0.5333333333333333,0.5,0.5666666666666667,0.6833333333333333,0.5,0.6333333333333333,0.6166666666666667,0.45,0.5666666666666667,0.5166666666666667
directo_10k,direct,models/checkpoints/v2/control/direct_10k_s8/best_model.zip,23018,-2904.0,-823.0,-129.0,-1460.0,-492.0,41.03333333333333,7.366666666666666,112.0,19,15,20,17,261,60,5.9369115000008605,0.5,0.6333333333333333,0.4666666666666667,0.5666666666666667,0.5166666666666667,0.6333333333333333,0.4666666666666667,0.5666666666666667,0.5333333333333333,0.5333333333333333,0.4666666666666667,0.5,0.6,0.6833333333333333,0.36666666666666664,0.5666666666666667,0.5666666666666667,0.4666666666666667,0.5333333333333333,0.4666666666666667
directo_10k,direct,models/checkpoints/v2/control/direct_10k_s8/best_model.zip,23019,-3417.0,-1536.0,-410.0,-959.0,-512.0,50.35,6.6,106.0,17,16,16,19,190,60,5.533426399997552,0.48333333333333334,0.55,0.5166666666666667,0.55,0.5166666666666667,0.55,0.5166666666666667,0.55,0.43333333333333335,0.4666666666666667,0.48333333333333334,0.55,0.5,0.65,0.55,0.5833333333333334,0.4666666666666667,0.4666666666666667,0.4166666666666667,0.48333333333333334
directo_10k,direct,models/checkpoints/v2/control/direct_10k_s8/best_model.zip,23020,-2738.0,-768.0,-301.0,-1258.0,-411.0,38.43333333333333,7.2,128.0,21,16,19,19,183,60,5.804429900003015,0.6666666666666666,0.65,0.55,0.6333333333333333,0.6666666666666666,0.65,0.5666666666666667,0.65,0.38333333333333336,0.48333333333333334,0.4166666666666667,0.5,0.5833333333333334,0.7,0.65,0.6666666666666666,0.55,0.43333333333333335,0.5166666666666667,0.55
directo_10k,direct,models/checkpoints/v2/control/direct_10k_s8/best_model.zip,23021,-7334.0,-1877.0,-1774.0,-1047.0,-2636.0,112.15,10.083333333333334,103.0,13,11,21,17,78,60,5.813320600005682,0.4666666666666667,0.43333333333333335,0.48333333333333334,0.4666666666666667,0.4666666666666667,0.43333333333333335,0.48333333333333334,0.4666666666666667,0.4666666666666667,0.55,0.45,0.45,0.6,0.6166666666666667,0.48333333333333334,0.36666666666666664,0.3333333333333333,0.31666666666666665,0.5666666666666667,0.4666666666666667
directo_10k,direct,models/checkpoints/v2/control/direct_10k_s8/best_model.zip,23022,-1870.0,-887.0,-146.0,-404.0,-433.0,24.9,6.266666666666667,106.0,25,22,25,22,277,60,5.688448400003836,0.55,0.5666666666666667,0.5666666666666667,0.5,0.5666666666666667,0.5666666666666667,0.5833333333333334,0.5,0.4666666666666667,0.5,0.5166666666666667,0.55,0.5166666666666667,0.65,0.43333333333333335,0.43333333333333335,0.7666666666666667,0.6166666666666667,0.75,0.65
directo_10k,direct,models/checkpoints/v2/control/direct_10k_s8/best_model.zip,23023,-2886.0,-619.0,-384.0,-776.0,-1107.0,42.13333333333333,5.966666666666667,108.0,19,17,19,15,217,60,5.570792200000142,0.6333333333333333,0.6666666666666666,0.5833333333333334,0.45,0.65,0.6666666666666666,0.5833333333333334,0.43333333333333335,0.55,0.5666666666666667,0.43333333333333335,0.55,0.65,0.6166666666666667,0.6166666666666667,0.5666666666666667,0.5333333333333333,0.48333333333333334,0.5333333333333333,0.43333333333333335
directo_10k,direct,models/checkpoints/v2/control/direct_10k_s8/best_model.zip,23024,-4131.0,-606.0,-412.0,-2064.0,-1049.0,60.4,8.45,130.0,24,21,16,16,101,60,5.846260800011805,0.6166666666666667,0.6,0.5,0.48333333333333334,0.6166666666666667,0.6,0.5,0.48333333333333334,0.43333333333333335,0.5333333333333333,0.48333333333333334,0.5166666666666667,0.6,0.6,0.6333333333333333,0.6,0.7166666666666667,0.6666666666666666,0.4,0.43333333333333335
directo_10k,direct,models/checkpoints/v2/control/direct_10k_s8/best_model.zip,23025,-2880.0,-676.0,-361.0,-1242.0,-601.0,41.016666666666666,6.983333333333333,123.0,12,14,21,14,97,60,5.712847099988721,0.5333333333333333,0.6833333333333333,0.6,0.6,0.5333333333333333,0.6833333333333333,0.5833333333333334,0.6,0.55,0.5333333333333333,0.5833333333333334,0.5666666666666667,0.6166666666666667,0.7166666666666667,0.5333333333333333,0.5666666666666667,0.3,0.4166666666666667,0.5333333333333333,0.3333333333333333
directo_10k,direct,models/checkpoints/v2/control/direct_10k_s8/best_model.zip,23026,-3052.0,-620.0,-1062.0,-1011.0,-359.0,42.333333333333336,8.533333333333333,101.0,25,18,21,18,139,60,5.807052300006035,0.6,0.5,0.5666666666666667,0.5833333333333334,0.6166666666666667,0.5,0.5833333333333334,0.5833333333333334,0.5166666666666667,0.48333333333333334,0.36666666666666664,0.5166666666666667,0.5333333333333333,0.5666666666666667,0.5833333333333334,0.5666666666666667,0.7666666666666667,0.55,0.5833333333333334,0.48333333333333334
directo_10k,direct,models/checkpoints/v2/control/direct_10k_s8/best_model.zip,23027,-11434.0,-3880.0,-1561.0,-3183.0,-2810.0,180.83333333333334,9.733333333333333,103.0,11,11,14,11,61,60,5.629974199997378,0.35,0.43333333333333335,0.5333333333333333,0.45,0.35,0.43333333333333335,0.5333333333333333,0.45,0.5,0.48333333333333334,0.4666666666666667,0.43333333333333335,0.4666666666666667,0.7833333333333333,0.55,0.5166666666666667,0.3,0.2833333333333333,0.35,0.2833333333333333
directo_10k,direct,models/checkpoints/v2/control/direct_10k_s8/best_model.zip,23028,-9929.0,-3416.0,-1254.0,-874.0,-4385.0,155.9,9.583333333333334,122.0,16,13,22,16,257,60,5.811321900007897,0.4666666666666667,0.43333333333333335,0.55,0.43333333333333335,0.4666666666666667,0.43333333333333335,0.5833333333333334,0.43333333333333335,0.5666666666666667,0.4666666666666667,0.43333333333333335,0.48333333333333334,0.5833333333333334,0.6833333333333333,0.55,0.4,0.45,0.4,0.6,0.38333333333333336
directo_10k,direct,models/checkpoints/v2/control/direct_10k_s8/best_model.zip,23029,-2948.0,-656.0,-697.0,-941.0,-654.0,40.06666666666667,9.066666666666666,122.0,24,25,22,21,190,60,6.454102799994871,0.5666666666666667,0.5666666666666667,0.6,0.5833333333333334,0.6,0.5666666666666667,0.6166666666666667,0.5833333333333334,0.5333333333333333,0.5,0.55,0.5,0.48333333333333334,0.6333333333333333,0.48333333333333334,0.48333333333333334,0.7166666666666667,0.7833333333333333,0.6,0.6
directo_10k,direct,models/checkpoints/v2/control/direct_10k_s9/best_model.zip,23000,-3173.0,-1774.0,-388.0,-912.0,-99.0,47.18333333333333,5.7,122.0,19,16,24,7,96,60,5.5010956000041915,0.4666666666666667,0.6666666666666666,0.5666666666666667,0.8166666666666667,0.48333333333333334,0.65,0.5666666666666667,0.8166666666666667,0.55,0.45,0.5333333333333333,0.6,0.65,0.6333333333333333,0.5333333333333333,0.85,0.5666666666666667,0.48333333333333334,0.7333333333333333,0.21666666666666667
directo_10k,direct,models/checkpoints/v2/control/direct_10k_s9/best_model.zip,23001,-3354.0,-1023.0,-599.0,-967.0,-765.0,48.68333333333333,7.216666666666667,112.0,15,22,25,5,115,60,5.640391599998111,0.5166666666666667,0.5833333333333334,0.5333333333333333,0.6833333333333333,0.5,0.5833333333333334,0.5333333333333333,0.6833333333333333,0.55,0.5666666666666667,0.5333333333333333,0.5333333333333333,0.55,0.65,0.48333333333333334,0.8833333333333333,0.4166666666666667,0.6666666666666666,0.7666666666666667,0.18333333333333332
directo_10k,direct,models/checkpoints/v2/control/direct_10k_s9/best_model.zip,23002,-1280.0,-374.0,-200.0,-589.0,-117.0,17.45,3.8833333333333333,110.0,23,15,24,11,277,60,5.359255799994571,0.55,0.6666666666666666,0.5833333333333334,0.7666666666666667,0.55,0.6666666666666666,0.6,0.7666666666666667,0.6166666666666667,0.6,0.5,0.5333333333333333,0.6166666666666667,0.6333333333333333,0.5333333333333333,0.85,0.6833333333333333,0.36666666666666664,0.7,0.31666666666666665
directo_10k,direct,models/checkpoints/v2/control/direct_10k_s9/best_model.zip,23003,-2426.0,-1097.0,-322.0,-923.0,-84.0,34.95,5.483333333333333,131.0,20,18,27,9,134,60,5.6168261999991955,0.43333333333333335,0.6166666666666667,0.5333333333333333,0.75,0.43333333333333335,0.6166666666666667,0.48333333333333334,0.75,0.55,0.6,0.5166666666666667,0.5833333333333334,0.6166666666666667,0.7,0.48333333333333334,0.8333333333333334,0.5833333333333334,0.48333333333333334,0.9,0.3
directo_10k,direct,models/checkpoints/v2/control/direct_10k_s9/best_model.zip,23004,-2718.0,-959.0,-309.0,-749.0,-701.0,39.733333333333334,5.566666666666666,123.0,17,17,23,11,186,60,5.390903100007563,0.5333333333333333,0.6833333333333333,0.45,0.6166666666666667,0.5333333333333333,0.6833333333333333,0.4666666666666667,0.6166666666666667,0.6,0.5166666666666667,0.4,0.5333333333333333,0.5,0.7,0.5,0.7666666666666667,0.48333333333333334,0.4666666666666667,0.6166666666666667,0.35
directo_10k,direct,models/checkpoints/v2/control/direct_10k_s9/best_model.zip,23005,-2232.0,-464.0,-383.0,-845.0,-540.0,32.03333333333333,5.166666666666667,112.0,22,11,16,16,184,60,5.434160199991311,0.5666666666666667,0.8,0.5,0.4666666666666667,0.5666666666666667,0.8,0.48333333333333334,0.45,0.4666666666666667,0.5833333333333334,0.5166666666666667,0.5166666666666667,0.6,0.8333333333333334,0.5166666666666667,0.7,0.6666666666666666,0.25,0.4,0.5
directo_10k,direct,models/checkpoints/v2/control/direct_10k_s9/best_model.zip,23006,-2729.0,-661.0,-416.0,-1435.0,-217.0,39.03333333333333,6.45,106.0,27,11,14,13,9,60,5.6851356999977725,0.5166666666666667,0.6,0.55,0.6666666666666666,0.55,0.6,0.55,0.6666666666666666,0.5166666666666667,0.6333333333333333,0.5166666666666667,0.48333333333333334,0.5666666666666667,0.7333333333333333,0.6,0.8166666666666667,0.8666666666666667,0.2833333333333333,0.3,0.35
directo_10k,direct,models/checkpoints/v2/control/direct_10k_s9/best_model.zip,23007,-2135.0,-332.0,-237.0,-1392.0,-174.0,29.816666666666666,5.766666666666667,108.0,23,15,24,9,281,60,5.4969702000089455,0.6166666666666667,0.6666666666666666,0.4,0.7666666666666667,0.6166666666666667,0.6666666666666666,0.38333333333333336,0.7666666666666667,0.55,0.5666666666666667,0.4666666666666667,0.5833333333333334,0.65,0.6666666666666666,0.48333333333333334,0.85,0.65,0.38333333333333336,0.75,0.3
directo_10k,direct,models/checkpoints/v2/control/direct_10k_s9/best_model.zip,23008,-3143.0,-1441.0,-277.0,-989.0,-436.0,46.28333333333333,6.1,122.0,15,24,20,17,83,60,5.5479989999876125,0.5166666666666667,0.6333333333333333,0.55,0.6,0.5166666666666667,0.6333333333333333,0.55,0.6,0.5833333333333334,0.5,0.5,0.5833333333333334,0.6333333333333333,0.6333333333333333,0.5333333333333333,0.75,0.35,0.6833333333333333,0.55,0.5333333333333333
directo_10k,direct,models/checkpoints/v2/control/direct_10k_s9/best_model.zip,23009,-2679.0,-589.0,-513.0,-1138.0,-439.0,38.416666666666664,6.233333333333333,116.0,22,13,21,19,111,60,5.506208199993125,0.5666666666666667,0.7333333333333333,0.45,0.6,0.5333333333333333,0.7333333333333333,0.43333333333333335,0.6,0.5833333333333334,0.5666666666666667,0.5,0.5833333333333334,0.6166666666666667,0.8,0.45,0.6666666666666666,0.6166666666666667,0.3,0.6,0.5333333333333333
directo_10k,direct,models/checkpoints/v2/control/direct_10k_s9/best_model.zip,23010,-2853.0,-662.0,-450.0,-1015.0,-726.0,40.46666666666667,7.083333333333333,105.0,28,11,17,19,296,60,5.671471299996483,0.5833333333333334,0.6666666666666666,0.5166666666666667,0.5666666666666667,0.6,0.6666666666666666,0.5166666666666667,0.5666666666666667,0.5666666666666667,0.4666666666666667,0.5166666666666667,0.5333333333333333,0.55,0.75,0.5333333333333333,0.7,0.8666666666666667,0.26666666666666666,0.43333333333333335,0.6166666666666667
directo_10k,direct,models/checkpoints/v2/control/direct_10k_s9/best_model.zip,23011,-4303.0,-2950.0,-492.0,-824.0,-37.0,65.93333333333334,5.783333333333333,103.0,15,19,24,7,264,60,5.478250299987849,0.31666666666666665,0.6166666666666667,0.55,0.8333333333333334,0.31666666666666665,0.6166666666666667,0.55,0.8333333333333334,0.55,0.5,0.48333333333333334,0.5833333333333334,0.55,0.65,0.4166666666666667,0.8833333333333333,0.45,0.5166666666666667,0.7333333333333333,0.2
directo_10k,direct,models/checkpoints/v2/control/direct_10k_s9/best_model.zip,23012,-8389.0,-1228.0,-1210.0,-1382.0,-4569.0,129.26666666666668,10.55,111.0,18,18,19,11,288,60,6.130463699999382,0.5166666666666667,0.5666666666666667,0.43333333333333335,0.3,0.5166666666666667,0.5666666666666667,0.43333333333333335,0.3,0.5666666666666667,0.48333333333333334,0.5,0.5166666666666667,0.7,0.6,0.5,0.5166666666666667,0.5,0.5333333333333333,0.5333333333333333,0.3333333333333333
directo_10k,direct,models/checkpoints/v2/control/direct_10k_s9/best_model.zip,23013,-3190.0,-1502.0,-476.0,-1037.0,-175.0,46.85,6.316666666666666,124.0,19,17,22,13,89,60,5.4023865000053775,0.4166666666666667,0.7,0.5666666666666667,0.6666666666666666,0.4166666666666667,0.7,0.5666666666666667,0.6666666666666666,0.5833333333333334,0.48333333333333334,0.55,0.5833333333333334,0.7,0.6666666666666666,0.5166666666666667,0.7666666666666667,0.5833333333333334,0.48333333333333334,0.6,0.38333333333333336
directo_10k,direct,models/checkpoints/v2/control/direct_10k_s9/best_model.zip,23014,-2870.0,-500.0,-199.0,-1592.0,-579.0,40.85,6.983333333333333,123.0,26,13,18,17,67,60,5.725124899996445,0.43333333333333335,0.7166666666666667,0.4666666666666667,0.4,0.45,0.7166666666666667,0.4666666666666667,0.4,0.5333333333333333,0.6,0.6,0.43333333333333335,0.5666666666666667,0.8333333333333334,0.4666666666666667,0.7166666666666667,0.8333333333333334,0.3333333333333333,0.5166666666666667,0.55
directo_10k,direct,models/checkpoints/v2/control/direct_10k_s9/best_model.zip,23015,-9063.0,-3626.0,-585.0,-850.0,-4002.0,143.61666666666667,7.433333333333334,103.0,17,17,18,11,232,60,5.529312600003323,0.3,0.5333333333333333,0.45,0.21666666666666667,0.3,0.5333333333333333,0.43333333333333335,0.21666666666666667,0.5666666666666667,0.43333333333333335,0.48333333333333334,0.5,0.5333333333333333,0.7166666666666667,0.5,0.6833333333333333,0.5166666666666667,0.45,0.5166666666666667,0.35
directo_10k,direct,models/checkpoints/v2/control/direct_10k_s9/best_model.zip,23016,-4108.0,-804.0,-771.0,-818.0,-1715.0,63.03333333333333,5.433333333333334,115.0,21,12,20,9,221,60,5.49973900000623,0.5,0.5833333333333334,0.6333333333333333,0.4666666666666667,0.5,0.5833333333333334,0.6333333333333333,0.4666666666666667,0.5666666666666667,0.5833333333333334,0.5333333333333333,0.55,0.6666666666666666,0.7,0.5,0.85,0.6333333333333333,0.31666666666666665,0.5,0.3
directo_10k,direct,models/checkpoints/v2/control/direct_10k_s9/best_model.zip,23017,-3967.0,-1565.0,-697.0,-1387.0,-318.0,58.5,7.616666666666666,112.0,19,23,19,11,88,60,5.599195400005556,0.5333333333333333,0.6,0.45,0.6666666666666666,0.5333333333333333,0.6,0.4666666666666667,0.6666666666666666,0.5333333333333333,0.5166666666666667,0.5,0.5,0.65,0.6333333333333333,0.4666666666666667,0.8166666666666667,0.5666666666666667,0.7166666666666667,0.4666666666666667,0.31666666666666665
directo_10k,direct,models/checkpoints/v2/control/direct_10k_s9/best_model.zip,23018,-2424.0,-820.0,-321.0,-724.0,-559.0,35.03333333333333,5.366666666666666,117.0,21,13,22,4,261,60,5.756803999989643,0.5833333333333334,0.65,0.55,0.65,0.5666666666666667,0.65,0.5333333333333333,0.65,0.6,0.48333333333333334,0.4,0.55,0.6833333333333333,0.7166666666666667,0.55,0.8666666666666667,0.6333333333333333,0.2833333333333333,0.5666666666666667,0.13333333333333333
directo_10k,direct,models/checkpoints/v2/control/direct_10k_s9/best_model.zip,23019,-2749.0,-1385.0,-465.0,-749.0,-150.0,40.45,5.366666666666666,108.0,21,15,21,14,190,60,5.266383599999244,0.55,0.6,0.48333333333333334,0.5666666666666667,0.5833333333333334,0.6,0.48333333333333334,0.5666666666666667,0.5166666666666667,0.55,0.5333333333333333,0.55,0.6666666666666666,0.75,0.48333333333333334,0.7333333333333333,0.6,0.4166666666666667,0.65,0.43333333333333335
directo_10k,direct,models/checkpoints/v2/control/direct_10k_s9/best_model.zip,23020,-3568.0,-1117.0,-350.0,-1326.0,-775.0,51.483333333333334,7.983333333333333,128.0,18,16,23,10,183,60,5.880630700004986,0.5166666666666667,0.65,0.5333333333333333,0.5,0.5833333333333334,0.65,0.5166666666666667,0.5,0.5166666666666667,0.4666666666666667,0.5166666666666667,0.5166666666666667,0.5166666666666667,0.7333333333333333,0.55,0.7833333333333333,0.48333333333333334,0.45,0.6833333333333333,0.31666666666666665
directo_10k,direct,models/checkpoints/v2/control/direct_10k_s9/best_model.zip,23021,-1993.0,-555.0,-370.0,-943.0,-125.0,27.766666666666666,5.45,111.0,27,11,19,13,78,60,5.413006400005543,0.6,0.6,0.5,0.7,0.6,0.6,0.5166666666666667,0.7,0.5333333333333333,0.6166666666666667,0.5833333333333334,0.6166666666666667,0.55,0.7333333333333333,0.45,0.8333333333333334,0.85,0.3,0.4666666666666667,0.38333333333333336
directo_10k,direct,models/checkpoints/v2/control/direct_10k_s9/best_model.zip,23022,-14474.0,-9267.0,-517.0,-1483.0,-3207.0,231.75,9.483333333333333,113.0,17,17,15,7,277,60,5.732024700002512,0.38333333333333336,0.5833333333333334,0.4666666666666667,0.25,0.36666666666666664,0.5833333333333334,0.4666666666666667,0.25,0.5833333333333334,0.55,0.48333333333333334,0.5666666666666667,0.4666666666666667,0.6666666666666666,0.5,0.8333333333333334,0.5166666666666667,0.48333333333333334,0.38333333333333336,0.25
directo_10k,direct,models/checkpoints/v2/control/direct_10k_s9/best_model.zip,23023,-2411.0,-1106.0,-298.0,-743.0,-264.0,35.53333333333333,4.65,107.0,17,17,22,13,217,60,5.405114799999865,0.45,0.6833333333333333,0.48333333333333334,0.5166666666666667,0.45,0.6833333333333333,0.48333333333333334,0.5166666666666667,0.65,0.48333333333333334,0.38333333333333336,0.5833333333333334,0.6166666666666667,0.6833333333333333,0.43333333333333335,0.7833333333333333,0.4666666666666667,0.45,0.6166666666666667,0.43333333333333335
directo_10k,direct,models/checkpoints/v2/control/direct_10k_s9/best_model.zip,23024,-3902.0,-772.0,-110.0,-2059.0,-961.0,55.1,9.933333333333334,123.0,18,9,22,18,101,60,6.053068600012921,0.6333333333333333,0.85,0.48333333333333334,0.45,0.6333333333333333,0.85,0.5166666666666667,0.45,0.5333333333333333,0.5166666666666667,0.48333333333333334,0.48333333333333334,0.6666666666666666,0.8,0.5,0.5666666666666667,0.5333333333333333,0.18333333333333332,0.5666666666666667,0.6166666666666667
directo_10k,direct,models/checkpoints/v2/control/direct_10k_s9/best_model.zip,23025,-4635.0,-2352.0,-476.0,-1344.0,-463.0,68.83333333333333,8.416666666666666,116.0,13,19,26,5,97,60,6.060371700004907,0.38333333333333336,0.6,0.43333333333333335,0.6333333333333333,0.4166666666666667,0.6,0.48333333333333334,0.6333333333333333,0.55,0.5,0.48333333333333334,0.5333333333333333,0.6333333333333333,0.6833333333333333,0.5166666666666667,0.8166666666666667,0.3,0.55,0.8333333333333334,0.18333333333333332
directo_10k,direct,models/checkpoints/v2/control/direct_10k_s9/best_model.zip,23026,-7021.0,-2513.0,-574.0,-871.0,-3063.0,109.91666666666667,7.1,115.0,16,20,21,5,139,60,5.6476198000018485,0.5,0.5833333333333334,0.55,0.2,0.5,0.5833333333333334,0.55,0.2,0.5833333333333334,0.5,0.4666666666666667,0.6,0.6,0.65,0.45,0.8333333333333334,0.48333333333333334,0.5166666666666667,0.6166666666666667,0.16666666666666666
directo_10k,direct,models/checkpoints/v2/control/direct_10k_s9/best_model.zip,23027,-2393.0,-757.0,-278.0,-772.0,-586.0,35.03333333333333,4.85,121.0,20,13,25,12,61,60,5.683780999999726,0.48333333333333334,0.6833333333333333,0.55,0.5333333333333333,0.48333333333333334,0.6833333333333333,0.55,0.5333333333333333,0.6166666666666667,0.5166666666666667,0.5333333333333333,0.5833333333333334,0.65,0.7,0.43333333333333335,0.8,0.5833333333333334,0.31666666666666665,0.7333333333333333,0.31666666666666665
directo_10k,direct,models/checkpoints/v2/control/direct_10k_s9/best_model.zip,23028,-5606.0,-2693.0,-604.0,-1254.0,-1055.0,86.51666666666667,6.916666666666667,121.0,15,18,16,9,257,60,6.1826003000023775,0.35,0.6333333333333333,0.48333333333333334,0.5166666666666667,0.36666666666666664,0.6333333333333333,0.48333333333333334,0.5166666666666667,0.5833333333333334,0.5333333333333333,0.4666666666666667,0.6166666666666667,0.7,0.6333333333333333,0.5666666666666667,0.8666666666666667,0.45,0.55,0.4,0.26666666666666666
directo_10k,direct,models/checkpoints/v2/control/direct_10k_s9/best_model.zip,23029,-15175.0,-2836.0,-655.0,-1687.0,-9997.0,241.65,11.266666666666667,129.0,19,16,21,9,190,60,5.156078500003787,0.48333333333333334,0.6833333333333333,0.43333333333333335,0.2,0.4666666666666667,0.6833333333333333,0.4666666666666667,0.2,0.5833333333333334,0.5166666666666667,0.5333333333333333,0.55,0.6166666666666667,0.6333333333333333,0.45,0.6166666666666667,0.5333333333333333,0.43333333333333335,0.6166666666666667,0.3
