policy,kind,seed_label,scenario_seed,reward,reward_A0,reward_B0,reward_C0,reward_D0,waiting_mean,queue_mean,arrivals,switches_A0,switches_B0,switches_C0,switches_D0,pulse_offset,steps,seconds,agree_cola_mas_larga_A0,agree_cola_mas_larga_B0,agree_cola_mas_larga_C0,agree_cola_mas_larga_D0,agree_espera_mas_larga_A0,agree_espera_mas_larga_B0,agree_espera_mas_larga_C0,agree_espera_mas_larga_D0,agree_fijo_2_3_A0,agree_fijo_2_3_B0,agree_fijo_2_3_C0,agree_fijo_2_3_D0,agree_max_presion_A0,agree_max_presion_B0,agree_max_presion_C0,agree_max_presion_D0,agree_min_verde_y_cambiar_A0,agree_min_verde_y_cambiar_B0,agree_min_verde_y_cambiar_C0,agree_min_verde_y_cambiar_D0,decision_seconds_mean
plan_ppo_transformer,plan,transformer_s0,23000,-977.0,-362.0,-170.0,-378.0,-67.0,12.65,3.6333333333333333,124.0,27,27,28,17,96,60,6.923107299997355,0.6666666666666666,0.5,0.6666666666666666,0.6166666666666667,0.6833333333333333,0.5,0.6666666666666666,0.6166666666666667,0.5,0.45,0.5333333333333333,0.5,0.5333333333333333,0.4666666666666667,0.6166666666666667,0.75,0.7833333333333333,0.8,0.75,0.5333333333333333,0.015139048333852163
plan_ppo_transformer,plan,transformer_s0,23001,-1420.0,-335.0,-184.0,-864.0,-37.0,18.783333333333335,4.883333333333334,116.0,25,23,27,19,115,60,6.750333700008923,0.6166666666666667,0.5666666666666667,0.6166666666666667,0.5333333333333333,0.6166666666666667,0.5666666666666667,0.6166666666666667,0.5333333333333333,0.43333333333333335,0.48333333333333334,0.5,0.5333333333333333,0.43333333333333335,0.5166666666666667,0.5833333333333334,0.7,0.75,0.6833333333333333,0.85,0.55,0.013689721667712243
plan_ppo_transformer,plan,transformer_s0,23002,-961.0,-464.0,-54.0,-230.0,-213.0,12.65,3.3666666666666667,113.0,27,23,27,19,277,60,6.110205799996038,0.5666666666666667,0.48333333333333334,0.6666666666666666,0.5666666666666667,0.5666666666666667,0.48333333333333334,0.6666666666666666,0.5833333333333334,0.4666666666666667,0.5166666666666667,0.4666666666666667,0.5666666666666667,0.43333333333333335,0.6,0.5166666666666667,0.7333333333333333,0.7166666666666667,0.65,0.7333333333333333,0.55,0.013665648333456678
plan_ppo_transformer,plan,transformer_s0,23003,-774.0,-352.0,-148.0,-213.0,-61.0,10.4,2.5,143.0,27,25,26,19,134,60,6.138910300011048,0.5,0.43333333333333335,0.5833333333333334,0.5,0.5166666666666667,0.43333333333333335,0.5666666666666667,0.5,0.45,0.5666666666666667,0.55,0.5166666666666667,0.45,0.5166666666666667,0.5833333333333334,0.6333333333333333,0.7833333333333333,0.7166666666666667,0.7333333333333333,0.5833333333333334,0.013635883333093565
plan_ppo_transformer,plan,transformer_s0,23004,-930.0,-276.0,-165.0,-405.0,-84.0,12.216666666666667,3.283333333333333,124.0,26,21,26,23,186,60,6.079200599997421,0.5833333333333334,0.5,0.65,0.5,0.5833333333333334,0.5,0.65,0.5,0.38333333333333336,0.45,0.43333333333333335,0.6166666666666667,0.48333333333333334,0.5666666666666667,0.6,0.6666666666666666,0.7,0.6333333333333333,0.7,0.6833333333333333,0.013574315000247831
plan_ppo_transformer,plan,transformer_s0,23005,-869.0,-323.0,-167.0,-321.0,-58.0,11.216666666666667,3.2666666666666666,117.0,25,19,25,20,184,60,6.182268100004876,0.6333333333333333,0.6,0.8666666666666667,0.5333333333333333,0.6333333333333333,0.6,0.8333333333333334,0.5333333333333333,0.55,0.5833333333333334,0.43333333333333335,0.6,0.5166666666666667,0.7,0.5833333333333334,0.6833333333333333,0.7333333333333333,0.5833333333333334,0.6,0.6,0.013575346667009096
plan_ppo_transformer,plan,transformer_s0,23006,-1270.0,-312.0,-239.0,-623.0,-96.0,16.916666666666668,4.25,113.0,24,22,26,20,9,60,6.176759100009804,0.55,0.48333333333333334,0.65,0.5666666666666667,0.55,0.48333333333333334,0.6833333333333333,0.5666666666666667,0.5666666666666667,0.48333333333333334,0.5,0.55,0.5,0.5,0.5833333333333334,0.6333333333333333,0.7333333333333333,0.6666666666666666,0.7333333333333333,0.6166666666666667,0.013434498332693086
plan_ppo_transformer,plan,transformer_s0,23007,-1045.0,-410.0,-148.0,-404.0,-83.0,13.683333333333334,3.7333333333333334,113.0,26,22,26,13,281,60,6.226850699997158,0.55,0.5333333333333333,0.6833333333333333,0.6,0.5666666666666667,0.5333333333333333,0.7166666666666667,0.6,0.4166666666666667,0.5,0.6,0.55,0.43333333333333335,0.5333333333333333,0.55,0.75,0.7333333333333333,0.6666666666666666,0.7,0.45,0.01332193500129506
plan_ppo_transformer,plan,transformer_s0,23008,-979.0,-163.0,-212.0,-519.0,-85.0,13.0,3.316666666666667,124.0,23,19,23,20,83,60,6.182921600004192,0.6833333333333333,0.5666666666666667,0.7,0.5333333333333333,0.6833333333333333,0.5666666666666667,0.7166666666666667,0.5333333333333333,0.4666666666666667,0.45,0.48333333333333334,0.5666666666666667,0.5333333333333333,0.6166666666666667,0.6333333333333333,0.7166666666666667,0.6,0.5166666666666667,0.6333333333333333,0.6,0.013455906666786177
plan_ppo_transformer,plan,transformer_s0,23009,-1260.0,-295.0,-155.0,-679.0,-131.0,16.566666666666666,4.433333333333334,122.0,24,22,24,24,111,60,6.298367100011092,0.5666666666666667,0.5333333333333333,0.6833333333333333,0.5333333333333333,0.5833333333333334,0.5333333333333333,0.6333333333333333,0.5333333333333333,0.5833333333333334,0.5,0.4666666666666667,0.48333333333333334,0.6,0.5666666666666667,0.5333333333333333,0.6166666666666667,0.6833333333333333,0.6666666666666666,0.7166666666666667,0.7,0.01339291500019802
plan_ppo_transformer,plan,transformer_s0,23010,-1064.0,-212.0,-145.0,-570.0,-137.0,14.016666666666667,3.716666666666667,116.0,25,23,25,19,296,60,6.204963399999542,0.55,0.5833333333333334,0.6,0.5166666666666667,0.55,0.5833333333333334,0.6,0.5166666666666667,0.4,0.55,0.5833333333333334,0.55,0.55,0.5333333333333333,0.5,0.6833333333333333,0.7166666666666667,0.7,0.65,0.6166666666666667,0.013272794999647886
plan_ppo_transformer,plan,transformer_s0,23011,-1012.0,-300.0,-155.0,-488.0,-69.0,13.216666666666667,3.65,110.0,28,24,26,17,264,60,6.0288562000059756,0.5333333333333333,0.5333333333333333,0.6666666666666666,0.6,0.5333333333333333,0.5333333333333333,0.6666666666666666,0.6,0.5,0.5833333333333334,0.48333333333333334,0.5333333333333333,0.38333333333333336,0.5333333333333333,0.6,0.65,0.8166666666666667,0.7333333333333333,0.6833333333333333,0.5333333333333333,0.013228889998814945
plan_ppo_transformer,plan,transformer_s0,23012,-1215.0,-356.0,-148.0,-580.0,-131.0,16.033333333333335,4.216666666666667,131.0,24,20,24,19,288,60,6.575043899996672,0.6166666666666667,0.6,0.6166666666666667,0.55,0.6166666666666667,0.6,0.6166666666666667,0.55,0.38333333333333336,0.5666666666666667,0.6,0.6,0.55,0.6666666666666666,0.5666666666666667,0.6166666666666667,0.7666666666666667,0.6,0.6333333333333333,0.6166666666666667,0.013539893333169553
plan_ppo_transformer,plan,transformer_s0,23013,-1185.0,-330.0,-194.0,-572.0,-89.0,15.65,4.1,123.0,23,17,26,19,89,60,6.131432199996198,0.6333333333333333,0.6666666666666666,0.75,0.6,0.6333333333333333,0.6666666666666666,0.75,0.6,0.4,0.4666666666666667,0.48333333333333334,0.5333333333333333,0.55,0.6833333333333333,0.5666666666666667,0.7166666666666667,0.65,0.5166666666666667,0.8166666666666667,0.5833333333333334,0.013416533333656843
plan_ppo_transformer,plan,transformer_s0,23014,-1242.0,-189.0,-128.0,-760.0,-165.0,16.45,4.25,129.0,21,17,21,17,67,60,6.234375500003807,0.6,0.65,0.7,0.7333333333333333,0.6,0.65,0.6833333333333333,0.7333333333333333,0.55,0.4666666666666667,0.6166666666666667,0.5166666666666667,0.6,0.7,0.6,0.6833333333333333,0.5833333333333334,0.55,0.6,0.55,0.013328201666202707
plan_ppo_transformer,plan,transformer_s0,23015,-887.0,-125.0,-250.0,-367.0,-145.0,11.833333333333334,2.95,116.0,22,20,24,23,232,60,6.037647899996955,0.7,0.5666666666666667,0.6833333333333333,0.6166666666666667,0.7,0.5666666666666667,0.6833333333333333,0.6166666666666667,0.48333333333333334,0.4666666666666667,0.4166666666666667,0.45,0.5,0.6,0.6833333333333333,0.5333333333333333,0.55,0.5833333333333334,0.6166666666666667,0.7,0.013231698334614824
plan_ppo_transformer,plan,transformer_s0,23016,-1131.0,-390.0,-260.0,-381.0,-100.0,14.816666666666666,4.033333333333333,118.0,26,25,28,21,221,60,6.159976300012204,0.6,0.4666666666666667,0.6333333333333333,0.5,0.6166666666666667,0.4666666666666667,0.6333333333333333,0.5,0.48333333333333334,0.5166666666666667,0.43333333333333335,0.5166666666666667,0.5333333333333333,0.5,0.6166666666666667,0.6333333333333333,0.7333333333333333,0.7833333333333333,0.7666666666666667,0.7333333333333333,0.013363326665421482
plan_ppo_transformer,plan,transformer_s0,23017,-940.0,-225.0,-340.0,-325.0,-50.0,12.216666666666667,3.45,119.0,25,24,26,19,88,60,6.065287500008708,0.5833333333333334,0.65,0.7,0.5333333333333333,0.5833333333333334,0.6666666666666666,0.7,0.5333333333333333,0.4,0.4166666666666667,0.45,0.48333333333333334,0.4666666666666667,0.55,0.6833333333333333,0.6666666666666666,0.7,0.6833333333333333,0.6833333333333333,0.5666666666666667,0.013299318333641471
plan_ppo_transformer,plan,transformer_s0,23018,-1202.0,-468.0,-249.0,-422.0,-63.0,15.8,4.233333333333333,121.0,25,21,27,14,261,60,6.325917800000752,0.6333333333333333,0.5666666666666667,0.6333333333333333,0.55,0.6333333333333333,0.5666666666666667,0.65,0.55,0.5333333333333333,0.5833333333333334,0.6666666666666666,0.5166666666666667,0.5166666666666667,0.6833333333333333,0.6833333333333333,0.7333333333333333,0.6833333333333333,0.65,0.7166666666666667,0.4666666666666667,0.013373686665727292
plan_ppo_transformer,plan,transformer_s0,23019,-875.0,-442.0,-188.0,-193.0,-52.0,11.483333333333333,3.1,108.0,25,24,27,16,190,60,5.943121700009215,0.55,0.55,0.6,0.6666666666666666,0.5333333333333333,0.55,0.6,0.6666666666666666,0.5166666666666667,0.4166666666666667,0.48333333333333334,0.6166666666666667,0.55,0.5666666666666667,0.5833333333333334,0.7333333333333333,0.65,0.7166666666666667,0.7166666666666667,0.4666666666666667,0.013299660000241905
plan_ppo_transformer,plan,transformer_s0,23020,-1318.0,-387.0,-120.0,-667.0,-144.0,17.366666666666667,4.6,135.0,24,22,26,13,183,60,6.300690800009761,0.65,0.55,0.6333333333333333,0.7,0.6333333333333333,0.55,0.6333333333333333,0.6666666666666666,0.43333333333333335,0.5666666666666667,0.5166666666666667,0.5833333333333334,0.5666666666666667,0.5333333333333333,0.6333333333333333,0.7833333333333333,0.7333333333333333,0.6333333333333333,0.7166666666666667,0.43333333333333335,0.013090424999730507
plan_ppo_transformer,plan,transformer_s0,23021,-1125.0,-547.0,-154.0,-363.0,-61.0,14.783333333333333,3.966666666666667,115.0,26,22,25,15,78,60,6.005027100007283,0.5833333333333334,0.5666666666666667,0.6833333333333333,0.65,0.5833333333333334,0.5666666666666667,0.6833333333333333,0.65,0.5166666666666667,0.43333333333333335,0.5333333333333333,0.5666666666666667,0.5166666666666667,0.5666666666666667,0.6,0.7,0.75,0.6666666666666666,0.6833333333333333,0.4666666666666667,0.013032581668327718
plan_ppo_transformer,plan,transformer_s0,23022,-1173.0,-586.0,-101.0,-404.0,-82.0,15.516666666666667,4.033333333333333,121.0,26,21,27,19,277,60,6.15995980000298,0.6166666666666667,0.5833333333333334,0.6,0.5666666666666667,0.65,0.5833333333333334,0.6,0.5666666666666667,0.45,0.5,0.6,0.4666666666666667,0.5333333333333333,0.6333333333333333,0.6,0.6,0.7333333333333333,0.6166666666666667,0.7166666666666667,0.6166666666666667,0.013221708332033207
plan_ppo_transformer,plan,transformer_s0,23023,-816.0,-315.0,-63.0,-191.0,-247.0,10.683333333333334,2.9166666666666665,107.0,28,24,23,15,217,60,6.0702498000027845,0.6666666666666666,0.4166666666666667,0.6833333333333333,0.6666666666666666,0.6666666666666666,0.4166666666666667,0.6833333333333333,0.6833333333333333,0.4666666666666667,0.4166666666666667,0.4666666666666667,0.5166666666666667,0.36666666666666664,0.45,0.55,0.7333333333333333,0.7666666666666667,0.7,0.5333333333333333,0.48333333333333334,0.013474106665429038
plan_ppo_transformer,plan,transformer_s0,23024,-1623.0,-516.0,-138.0,-647.0,-322.0,21.616666666666667,5.433333333333334,131.0,25,19,25,23,101,60,6.399958900001366,0.6166666666666667,0.5666666666666667,0.6833333333333333,0.5166666666666667,0.6,0.5666666666666667,0.6666666666666666,0.5166666666666667,0.5333333333333333,0.5666666666666667,0.5166666666666667,0.4666666666666667,0.5666666666666667,0.5333333333333333,0.6,0.6333333333333333,0.75,0.6,0.7,0.75,0.013177513332630042
plan_ppo_transformer,plan,transformer_s0,23025,-1157.0,-232.0,-115.0,-739.0,-71.0,15.233333333333333,4.05,130.0,24,21,27,15,97,60,6.219875099995988,0.6666666666666666,0.5666666666666667,0.7333333333333333,0.65,0.6666666666666666,0.5666666666666667,0.7333333333333333,0.65,0.45,0.5,0.43333333333333335,0.48333333333333334,0.6,0.65,0.5166666666666667,0.6833333333333333,0.6166666666666667,0.65,0.8333333333333334,0.4666666666666667,0.013267551665679396
plan_ppo_transformer,plan,transformer_s0,23026,-1048.0,-310.0,-251.0,-320.0,-167.0,14.0,3.466666666666667,120.0,22,22,26,17,139,60,6.009382599993842,0.6166666666666667,0.5,0.7166666666666667,0.5833333333333334,0.6166666666666667,0.5,0.7333333333333333,0.5833333333333334,0.5166666666666667,0.5166666666666667,0.5,0.55,0.6166666666666667,0.5833333333333334,0.5,0.6666666666666666,0.6666666666666666,0.6833333333333333,0.7666666666666667,0.55,0.013341580001239587
plan_ppo_transformer,plan,transformer_s0,23027,-834.0,-196.0,-173.0,-345.0,-120.0,10.833333333333334,3.066666666666667,117.0,25,23,27,19,61,60,5.918609100001049,0.6666666666666666,0.6,0.7,0.6333333333333333,0.6666666666666666,0.6,0.7,0.6333333333333333,0.5333333333333333,0.5,0.5333333333333333,0.55,0.5333333333333333,0.5166666666666667,0.7,0.6666666666666666,0.6666666666666666,0.7,0.6833333333333333,0.6333333333333333,0.013247806666428611
plan_ppo_transformer,plan,transformer_s0,23028,-1154.0,-582.0,-108.0,-370.0,-94.0,15.266666666666667,3.966666666666667,130.0,24,20,25,15,257,60,6.208693199994741,0.5666666666666667,0.5666666666666667,0.75,0.6833333333333333,0.5333333333333333,0.5666666666666667,0.7333333333333333,0.6833333333333333,0.43333333333333335,0.55,0.5333333333333333,0.55,0.55,0.65,0.65,0.7333333333333333,0.7,0.6,0.6333333333333333,0.5,0.013459034999929525
plan_ppo_transformer,plan,transformer_s0,23029,-2192.0,-874.0,-455.0,-630.0,-233.0,29.766666666666666,6.766666666666667,143.0,23,15,27,17,190,60,6.9236444999987725,0.6,0.55,0.6833333333333333,0.6833333333333333,0.5666666666666667,0.5666666666666667,0.6833333333333333,0.6833333333333333,0.5333333333333333,0.55,0.48333333333333334,0.5333333333333333,0.6,0.7166666666666667,0.4666666666666667,0.7,0.6666666666666666,0.48333333333333334,0.8,0.5,0.013268376668080843
plan_ppo_transformer,plan,transformer_s1,23000,-892.0,-230.0,-150.0,-435.0,-77.0,11.6,3.2666666666666666,125.0,25,21,27,15,96,60,6.080555599997751,0.6333333333333333,0.6666666666666666,0.6166666666666667,0.65,0.6333333333333333,0.6666666666666666,0.6333333333333333,0.65,0.5333333333333333,0.43333333333333335,0.4,0.4666666666666667,0.6,0.6166666666666667,0.5333333333333333,0.6833333333333333,0.75,0.5,0.8333333333333334,0.5,0.013068005000241101
plan_ppo_transformer,plan,transformer_s1,23001,-1355.0,-413.0,-91.0,-701.0,-150.0,17.933333333333334,4.65,119.0,25,21,25,20,115,60,6.28002629999537,0.5,0.7,0.6333333333333333,0.5166666666666667,0.5,0.7,0.65,0.5166666666666667,0.4666666666666667,0.5833333333333334,0.5166666666666667,0.48333333333333334,0.6166666666666667,0.6333333333333333,0.6,0.6166666666666667,0.8,0.4666666666666667,0.8166666666666667,0.6833333333333333,0.01326263333200283
plan_ppo_transformer,plan,transformer_s1,23002,-812.0,-288.0,-147.0,-285.0,-92.0,10.616666666666667,2.9166666666666665,112.0,26,20,26,22,277,60,5.941448900004616,0.5,0.6666666666666666,0.7333333333333333,0.43333333333333335,0.5,0.6666666666666666,0.7333333333333333,0.45,0.48333333333333334,0.5166666666666667,0.4166666666666667,0.6,0.5333333333333333,0.6666666666666666,0.6,0.6,0.85,0.5,0.7,0.6666666666666666,0.013284041666338453
plan_ppo_transformer,plan,transformer_s1,23003,-826.0,-175.0,-90.0,-473.0,-88.0,10.833333333333334,2.933333333333333,141.0,26,25,27,19,134,60,5.957080699998187,0.5,0.6166666666666667,0.6,0.5333333333333333,0.5,0.6166666666666667,0.6166666666666667,0.5333333333333333,0.45,0.5166666666666667,0.43333333333333335,0.5166666666666667,0.5,0.5333333333333333,0.55,0.6,0.8166666666666667,0.55,0.8833333333333333,0.6166666666666667,0.013260371666789676
plan_ppo_transformer,plan,transformer_s1,23004,-871.0,-237.0,-244.0,-268.0,-122.0,11.516666666666667,3.0,125.0,25,17,25,17,186,60,5.9380590000073425,0.5666666666666667,0.7333333333333333,0.6833333333333333,0.6333333333333333,0.5666666666666667,0.7333333333333333,0.6833333333333333,0.6333333333333333,0.4166666666666667,0.45,0.3333333333333333,0.5333333333333333,0.5666666666666667,0.65,0.6,0.65,0.7,0.4166666666666667,0.6666666666666666,0.5333333333333333,0.01324832500104094
plan_ppo_transformer,plan,transformer_s1,23005,-943.0,-346.0,-246.0,-233.0,-118.0,12.416666666666666,3.3,120.0,23,19,26,20,184,60,6.005463699999382,0.7,0.65,0.6166666666666667,0.5333333333333333,0.7166666666666667,0.65,0.6166666666666667,0.5333333333333333,0.5166666666666667,0.5166666666666667,0.4666666666666667,0.5166666666666667,0.6166666666666667,0.6833333333333333,0.4666666666666667,0.6333333333333333,0.7,0.5333333333333333,0.7333333333333333,0.5833333333333334,0.013490648334360837
plan_ppo_transformer,plan,transformer_s1,23006,-1304.0,-447.0,-163.0,-575.0,-119.0,17.083333333333332,4.65,109.0,25,21,27,19,9,60,6.205172399990261,0.6,0.6666666666666666,0.5833333333333334,0.6166666666666667,0.6166666666666667,0.6666666666666666,0.5833333333333334,0.6166666666666667,0.48333333333333334,0.5833333333333334,0.4666666666666667,0.4166666666666667,0.55,0.6,0.6,0.65,0.8166666666666667,0.5,0.75,0.5833333333333334,0.013183041664888151
plan_ppo_transformer,plan,transformer_s1,23007,-1579.0,-192.0,-101.0,-823.0,-463.0,21.016666666666666,5.3,103.0,24,14,27,20,281,60,6.292205300007481,0.48333333333333334,0.75,0.6333333333333333,0.6166666666666667,0.4666666666666667,0.75,0.6333333333333333,0.6166666666666667,0.48333333333333334,0.55,0.5,0.5333333333333333,0.5666666666666667,0.8166666666666667,0.5833333333333334,0.6666666666666666,0.75,0.36666666666666664,0.8166666666666667,0.6,0.013074835000831323
plan_ppo_transformer,plan,transformer_s1,23008,-1126.0,-178.0,-141.0,-638.0,-169.0,14.85,3.9166666666666665,123.0,24,19,26,21,83,60,6.089513899991289,0.55,0.5833333333333334,0.65,0.48333333333333334,0.55,0.5833333333333334,0.65,0.48333333333333334,0.5,0.4166666666666667,0.48333333333333334,0.48333333333333334,0.48333333333333334,0.5833333333333334,0.55,0.6166666666666667,0.7166666666666667,0.5,0.8166666666666667,0.65,0.013083051667005444
plan_ppo_transformer,plan,transformer_s1,23009,-1564.0,-383.0,-203.0,-754.0,-224.0,20.65,5.416666666666667,113.0,25,23,27,23,111,60,6.249734999990324,0.6,0.5666666666666667,0.6666666666666666,0.5166666666666667,0.6166666666666667,0.5666666666666667,0.6166666666666667,0.5166666666666667,0.5,0.5833333333333334,0.4666666666666667,0.5333333333333333,0.55,0.6,0.5666666666666667,0.5833333333333334,0.8,0.6166666666666667,0.8333333333333334,0.7333333333333333,0.013223441667408527
plan_ppo_transformer,plan,transformer_s1,23010,-1486.0,-424.0,-109.0,-673.0,-280.0,19.433333333333334,5.333333333333333,111.0,25,13,26,21,296,60,6.433157300009043,0.6166666666666667,0.7166666666666667,0.6333333333333333,0.55,0.6166666666666667,0.7166666666666667,0.6333333333333333,0.55,0.48333333333333334,0.5666666666666667,0.55,0.4666666666666667,0.5833333333333334,0.65,0.5166666666666667,0.7,0.7666666666666667,0.31666666666666665,0.8166666666666667,0.6333333333333333,0.013221198334213114
plan_ppo_transformer,plan,transformer_s1,23011,-774.0,-211.0,-113.0,-401.0,-49.0,9.916666666666666,2.9833333333333334,111.0,27,19,25,17,264,60,6.014072700010729,0.5166666666666667,0.7166666666666667,0.6,0.6166666666666667,0.5166666666666667,0.7166666666666667,0.6,0.6166666666666667,0.4,0.4666666666666667,0.4,0.48333333333333334,0.5333333333333333,0.6333333333333333,0.5333333333333333,0.6833333333333333,0.85,0.48333333333333334,0.7166666666666667,0.5,0.013160700000783739
plan_ppo_transformer,plan,transformer_s1,23012,-1506.0,-440.0,-112.0,-742.0,-212.0,19.733333333333334,5.366666666666666,132.0,25,13,24,20,288,60,6.625453999993624,0.5166666666666667,0.6833333333333333,0.5666666666666667,0.6,0.5166666666666667,0.6833333333333333,0.5833333333333334,0.6,0.4666666666666667,0.5333333333333333,0.48333333333333334,0.6166666666666667,0.5666666666666667,0.75,0.55,0.65,0.7833333333333333,0.38333333333333336,0.7833333333333333,0.6,0.013299478334132194
plan_ppo_transformer,plan,transformer_s1,23013,-947.0,-255.0,-100.0,-502.0,-90.0,12.416666666666666,3.3666666666666667,124.0,25,21,26,21,89,60,6.145709099990199,0.5833333333333334,0.6333333333333333,0.7,0.5,0.5833333333333334,0.6333333333333333,0.7,0.5,0.5166666666666667,0.55,0.4,0.4166666666666667,0.6,0.6,0.5666666666666667,0.5666666666666667,0.8333333333333334,0.5,0.7666666666666667,0.65,0.013136154999422918
plan_ppo_transformer,plan,transformer_s1,23014,-1597.0,-234.0,-79.0,-972.0,-312.0,21.066666666666666,5.55,125.0,24,21,25,23,67,60,6.396473799992236,0.6166666666666667,0.6833333333333333,0.55,0.5333333333333333,0.6166666666666667,0.6833333333333333,0.5166666666666667,0.5333333333333333,0.55,0.5166666666666667,0.5,0.5,0.6166666666666667,0.6833333333333333,0.48333333333333334,0.55,0.75,0.48333333333333334,0.7833333333333333,0.7333333333333333,0.013415578334146024
plan_ppo_transformer,plan,transformer_s1,23015,-811.0,-235.0,-191.0,-270.0,-115.0,10.533333333333333,2.9833333333333334,114.0,22,18,26,21,232,60,5.973521700012498,0.6,0.6666666666666666,0.5166666666666667,0.5333333333333333,0.6,0.6833333333333333,0.5333333333333333,0.5333333333333333,0.5166666666666667,0.5333333333333333,0.43333333333333335,0.5,0.6666666666666666,0.6666666666666666,0.5333333333333333,0.65,0.7,0.45,0.75,0.6833333333333333,0.013413251666740204
plan_ppo_transformer,plan,transformer_s1,23016,-1081.0,-410.0,-84.0,-395.0,-192.0,14.016666666666667,4.0,118.0,24,22,28,21,221,60,6.143110499993782,0.5833333333333334,0.65,0.5833333333333334,0.55,0.5833333333333334,0.65,0.5833333333333334,0.55,0.48333333333333334,0.5166666666666667,0.45,0.5166666666666667,0.5666666666666667,0.55,0.55,0.5833333333333334,0.7833333333333333,0.5333333333333333,0.8666666666666667,0.7333333333333333,0.013163230000645853
plan_ppo_transformer,plan,transformer_s1,23017,-914.0,-210.0,-173.0,-405.0,-126.0,12.216666666666667,3.0166666666666666,121.0,24,19,26,14,88,60,6.06983140000375,0.45,0.6666666666666666,0.55,0.55,0.45,0.6666666666666666,0.55,0.55,0.4666666666666667,0.48333333333333334,0.45,0.4666666666666667,0.48333333333333334,0.6333333333333333,0.4166666666666667,0.7166666666666667,0.7666666666666667,0.55,0.7833333333333333,0.4666666666666667,0.013231550000879604
plan_ppo_transformer,plan,transformer_s1,23018,-1530.0,-569.0,-92.0,-697.0,-172.0,19.983333333333334,5.516666666666667,114.0,24,13,26,17,261,60,6.478722200001357,0.65,0.7833333333333333,0.5833333333333334,0.6666666666666666,0.5833333333333334,0.7833333333333333,0.6166666666666667,0.6666666666666666,0.5666666666666667,0.5833333333333334,0.4666666666666667,0.5166666666666667,0.5666666666666667,0.7333333333333333,0.5333333333333333,0.7166666666666667,0.7,0.31666666666666665,0.8,0.5333333333333333,0.0133642366672575
plan_ppo_transformer,plan,transformer_s1,23019,-613.0,-222.0,-119.0,-192.0,-80.0,7.916666666666667,2.3,114.0,24,20,29,19,190,60,5.973006499989424,0.5333333333333333,0.7,0.5166666666666667,0.5666666666666667,0.55,0.7,0.5166666666666667,0.5666666666666667,0.5166666666666667,0.55,0.48333333333333334,0.43333333333333335,0.5166666666666667,0.55,0.5166666666666667,0.65,0.75,0.48333333333333334,0.85,0.5833333333333334,0.013301498332051171
plan_ppo_transformer,plan,transformer_s1,23020,-1315.0,-361.0,-143.0,-681.0,-130.0,17.3,4.616666666666666,133.0,25,19,26,18,183,60,6.275111599999946,0.5333333333333333,0.6166666666666667,0.7166666666666667,0.5833333333333334,0.55,0.6166666666666667,0.75,0.5833333333333334,0.5,0.55,0.4666666666666667,0.55,0.5333333333333333,0.6333333333333333,0.5833333333333334,0.65,0.7833333333333333,0.4666666666666667,0.8,0.5833333333333334,0.013272413333955532
plan_ppo_transformer,plan,transformer_s1,23021,-973.0,-165.0,-76.0,-621.0,-111.0,12.783333333333333,3.433333333333333,119.0,21,21,27,19,78,60,6.07268519999343,0.65,0.65,0.5,0.5166666666666667,0.65,0.65,0.5166666666666667,0.5166666666666667,0.48333333333333334,0.4666666666666667,0.5166666666666667,0.4666666666666667,0.6166666666666667,0.6,0.55,0.6,0.7,0.5166666666666667,0.8666666666666667,0.6166666666666667,0.013351844999124295
plan_ppo_transformer,plan,transformer_s1,23022,-1027.0,-466.0,-68.0,-428.0,-65.0,13.583333333333334,3.533333333333333,117.0,25,21,28,18,277,60,6.184494400004041,0.6166666666666667,0.6166666666666667,0.55,0.55,0.6166666666666667,0.6166666666666667,0.55,0.55,0.43333333333333335,0.45,0.4166666666666667,0.5333333333333333,0.5333333333333333,0.5333333333333333,0.5166666666666667,0.65,0.8166666666666667,0.6,0.7666666666666667,0.5666666666666667,0.013337633333624884
plan_ppo_transformer,plan,transformer_s1,23023,-936.0,-376.0,-60.0,-314.0,-186.0,12.25,3.35,113.0,23,17,26,20,217,60,5.918146700001671,0.75,0.6166666666666667,0.5,0.55,0.75,0.6166666666666667,0.48333333333333334,0.5666666666666667,0.55,0.5666666666666667,0.5,0.4166666666666667,0.6166666666666667,0.6666666666666666,0.5666666666666667,0.65,0.6833333333333333,0.5166666666666667,0.75,0.65,0.0132336449996122
plan_ppo_transformer,plan,transformer_s1,23024,-1476.0,-451.0,-125.0,-628.0,-272.0,19.45,5.15,134.0,25,17,25,23,101,60,6.44477360000019,0.5666666666666667,0.7,0.6333333333333333,0.5333333333333333,0.5833333333333334,0.7,0.6166666666666667,0.5333333333333333,0.48333333333333334,0.55,0.5166666666666667,0.48333333333333334,0.6,0.6666666666666666,0.5666666666666667,0.5333333333333333,0.8166666666666667,0.45,0.8333333333333334,0.7166666666666667,0.013247256666363682
plan_ppo_transformer,plan,transformer_s1,23025,-1687.0,-255.0,-137.0,-1035.0,-260.0,22.266666666666666,5.85,122.0,25,21,28,21,97,60,6.334642000001622,0.5333333333333333,0.6,0.5333333333333333,0.5833333333333334,0.5333333333333333,0.6,0.5666666666666667,0.5833333333333334,0.43333333333333335,0.6333333333333333,0.48333333333333334,0.5166666666666667,0.5,0.6,0.5166666666666667,0.65,0.75,0.5666666666666667,0.8833333333333333,0.6333333333333333,0.013228973332782818
plan_ppo_transformer,plan,transformer_s1,23026,-906.0,-347.0,-123.0,-260.0,-176.0,11.983333333333333,3.1166666666666667,117.0,22,17,25,18,139,60,5.98673219999182,0.48333333333333334,0.7166666666666667,0.6833333333333333,0.65,0.48333333333333334,0.7166666666666667,0.6833333333333333,0.65,0.4666666666666667,0.48333333333333334,0.43333333333333335,0.5,0.5833333333333334,0.65,0.5833333333333334,0.6833333333333333,0.7,0.48333333333333334,0.7,0.5666666666666667,0.01340033833354634
plan_ppo_transformer,plan,transformer_s1,23027,-1144.0,-308.0,-161.0,-566.0,-109.0,15.133333333333333,3.933333333333333,123.0,26,23,27,19,61,60,5.9569193000061205,0.5666666666666667,0.6833333333333333,0.6666666666666666,0.6333333333333333,0.5666666666666667,0.6833333333333333,0.6833333333333333,0.6333333333333333,0.43333333333333335,0.45,0.4166666666666667,0.4666666666666667,0.6,0.6166666666666667,0.5833333333333334,0.7166666666666667,0.8166666666666667,0.5666666666666667,0.8166666666666667,0.5833333333333334,0.013189425000018674
plan_ppo_transformer,plan,transformer_s1,23028,-1371.0,-568.0,-362.0,-382.0,-59.0,18.45,4.4,127.0,23,21,24,21,257,60,6.212759600006393,0.5666666666666667,0.6,0.7,0.4666666666666667,0.5666666666666667,0.6,0.7,0.4666666666666667,0.48333333333333334,0.5166666666666667,0.4666666666666667,0.55,0.6,0.6166666666666667,0.55,0.6666666666666666,0.7666666666666667,0.5833333333333334,0.65,0.6666666666666666,0.013363761666308467
plan_ppo_transformer,plan,transformer_s1,23029,-2220.0,-638.0,-503.0,-703.0,-376.0,29.3,7.7,134.0,25,21,25,23,190,60,7.458505300004617,0.5,0.6166666666666667,0.6166666666666667,0.5166666666666667,0.5333333333333333,0.5833333333333334,0.6333333333333333,0.5166666666666667,0.5,0.4666666666666667,0.4666666666666667,0.55,0.6166666666666667,0.55,0.6166666666666667,0.6,0.7833333333333333,0.5333333333333333,0.8166666666666667,0.7333333333333333,0.013660478332894854
plan_ppo_transformer,plan,transformer_s2,23000,-830.0,-214.0,-55.0,-473.0,-88.0,10.966666666666667,2.8666666666666667,125.0,23,17,23,17,96,60,6.037757500002044,0.5666666666666667,0.65,0.6666666666666666,0.5833333333333334,0.5666666666666667,0.65,0.6666666666666666,0.5833333333333334,0.55,0.5333333333333333,0.5166666666666667,0.5833333333333334,0.6166666666666667,0.6166666666666667,0.5833333333333334,0.7,0.7,0.43333333333333335,0.6166666666666667,0.55,0.013311928332889996
plan_ppo_transformer,plan,transformer_s2,23001,-1211.0,-355.0,-98.0,-655.0,-103.0,15.883333333333333,4.3,120.0,24,17,23,19,115,60,6.206767600000603,0.5666666666666667,0.6166666666666667,0.75,0.6333333333333333,0.5666666666666667,0.6166666666666667,0.7333333333333333,0.6333333333333333,0.48333333333333334,0.5833333333333334,0.4166666666666667,0.5666666666666667,0.5666666666666667,0.6166666666666667,0.5833333333333334,0.6666666666666666,0.7666666666666667,0.5333333333333333,0.6666666666666666,0.5833333333333334,0.013248714999159953
plan_ppo_transformer,plan,transformer_s2,23002,-1178.0,-371.0,-72.0,-365.0,-370.0,15.9,3.7333333333333334,111.0,24,18,27,21,277,60,5.916836600008537,0.6166666666666667,0.55,0.7,0.5666666666666667,0.6166666666666667,0.55,0.7,0.5666666666666667,0.5166666666666667,0.5,0.48333333333333334,0.5666666666666667,0.5166666666666667,0.55,0.5833333333333334,0.6,0.7,0.55,0.7166666666666667,0.6333333333333333,0.013234611665635991
plan_ppo_transformer,plan,transformer_s2,23003,-944.0,-413.0,-64.0,-344.0,-123.0,12.416666666666666,3.316666666666667,136.0,25,20,26,22,134,60,6.0342260000034,0.6833333333333333,0.65,0.6,0.5,0.7166666666666667,0.65,0.6,0.5,0.55,0.5666666666666667,0.5333333333333333,0.5333333333333333,0.5666666666666667,0.48333333333333334,0.5666666666666667,0.5666666666666667,0.7833333333333333,0.5333333333333333,0.7666666666666667,0.6666666666666666,0.013253418333867254
plan_ppo_transformer,plan,transformer_s2,23004,-763.0,-228.0,-73.0,-313.0,-149.0,10.083333333333334,2.6333333333333333,125.0,24,20,26,19,186,60,6.0143995999969775,0.48333333333333334,0.5833333333333334,0.75,0.48333333333333334,0.48333333333333334,0.5833333333333334,0.75,0.48333333333333334,0.5333333333333333,0.38333333333333336,0.5833333333333334,0.5833333333333334,0.6166666666666667,0.5333333333333333,0.6166666666666667,0.6333333333333333,0.75,0.5333333333333333,0.65,0.6333333333333333,0.013170111666113371
plan_ppo_transformer,plan,transformer_s2,23005,-997.0,-378.0,-153.0,-313.0,-153.0,13.116666666666667,3.5,114.0,25,13,25,26,184,60,6.0062475000013364,0.6166666666666667,0.7333333333333333,0.6333333333333333,0.5,0.6333333333333333,0.7333333333333333,0.6166666666666667,0.5,0.5333333333333333,0.5,0.5166666666666667,0.38333333333333336,0.5833333333333334,0.75,0.5666666666666667,0.5666666666666667,0.8166666666666667,0.38333333333333336,0.7333333333333333,0.8166666666666667,0.013158133333733227
plan_ppo_transformer,plan,transformer_s2,23006,-1059.0,-356.0,-103.0,-535.0,-65.0,13.933333333333334,3.716666666666667,111.0,25,17,25,19,9,60,6.070693799993023,0.6166666666666667,0.6166666666666667,0.6833333333333333,0.5166666666666667,0.6166666666666667,0.6166666666666667,0.6666666666666666,0.5166666666666667,0.5333333333333333,0.5,0.43333333333333335,0.55,0.55,0.6166666666666667,0.55,0.6833333333333333,0.7166666666666667,0.5166666666666667,0.7166666666666667,0.6166666666666667,0.013332488332525826
plan_ppo_transformer,plan,transformer_s2,23007,-1293.0,-151.0,-65.0,-674.0,-403.0,17.5,4.05,109.0,24,15,27,18,281,60,6.210498700005701,0.5333333333333333,0.7333333333333333,0.6666666666666666,0.5,0.5333333333333333,0.7333333333333333,0.65,0.5,0.6,0.5666666666666667,0.5833333333333334,0.55,0.65,0.6666666666666666,0.48333333333333334,0.6166666666666667,0.7333333333333333,0.4,0.7333333333333333,0.5666666666666667,0.013322226667514769
plan_ppo_transformer,plan,transformer_s2,23008,-1497.0,-155.0,-194.0,-497.0,-651.0,20.683333333333334,4.266666666666667,123.0,24,21,25,20,83,60,6.089012900003581,0.5666666666666667,0.5666666666666667,0.6,0.6166666666666667,0.5666666666666667,0.5666666666666667,0.5833333333333334,0.6166666666666667,0.5666666666666667,0.5333333333333333,0.48333333333333334,0.5333333333333333,0.6333333333333333,0.5666666666666667,0.65,0.65,0.7,0.6666666666666666,0.7166666666666667,0.6333333333333333,0.01345384833330172
plan_ppo_transformer,plan,transformer_s2,23009,-1555.0,-468.0,-171.0,-708.0,-208.0,20.85,5.066666666666666,115.0,21,19,27,21,111,60,6.330061000000569,0.55,0.5166666666666667,0.6833333333333333,0.4,0.55,0.5166666666666667,0.6833333333333333,0.4,0.5166666666666667,0.55,0.4666666666666667,0.5,0.55,0.6,0.5166666666666667,0.6,0.6666666666666666,0.6333333333333333,0.6833333333333333,0.6833333333333333,0.013545930000691441
plan_ppo_transformer,plan,transformer_s2,23010,-1218.0,-192.0,-133.0,-571.0,-322.0,15.85,4.45,112.0,26,20,26,24,296,60,6.23998080000456,0.5166666666666667,0.5833333333333334,0.6166666666666667,0.45,0.5333333333333333,0.5833333333333334,0.6166666666666667,0.45,0.43333333333333335,0.5333333333333333,0.4166666666666667,0.4666666666666667,0.5833333333333334,0.5,0.5333333333333333,0.55,0.8333333333333334,0.5666666666666667,0.6666666666666666,0.7833333333333333,0.013390676667525744
plan_ppo_transformer,plan,transformer_s2,23011,-893.0,-260.0,-119.0,-452.0,-62.0,11.666666666666666,3.216666666666667,110.0,27,18,24,19,264,60,5.9641597000008915,0.5666666666666667,0.5833333333333334,0.7166666666666667,0.5333333333333333,0.5666666666666667,0.5833333333333334,0.7166666666666667,0.5333333333333333,0.5,0.48333333333333334,0.4666666666666667,0.5166666666666667,0.5333333333333333,0.6,0.6,0.6833333333333333,0.8166666666666667,0.55,0.7,0.5833333333333334,0.013485631667814838
plan_ppo_transformer,plan,transformer_s2,23012,-1052.0,-229.0,-187.0,-530.0,-106.0,13.816666666666666,3.716666666666667,135.0,23,17,25,17,288,60,6.2983299999905284,0.6166666666666667,0.7333333333333333,0.6,0.6666666666666666,0.6166666666666667,0.7333333333333333,0.6166666666666667,0.6666666666666666,0.5833333333333334,0.55,0.55,0.55,0.6666666666666666,0.6333333333333333,0.5666666666666667,0.6833333333333333,0.7,0.4666666666666667,0.7,0.55,0.013178980000278291
plan_ppo_transformer,plan,transformer_s2,23013,-1033.0,-256.0,-166.0,-524.0,-87.0,13.616666666666667,3.6,123.0,25,22,27,20,89,60,6.742848399997456,0.5833333333333334,0.55,0.7,0.5166666666666667,0.5833333333333334,0.55,0.7,0.5166666666666667,0.6166666666666667,0.45,0.5833333333333334,0.5333333333333333,0.5833333333333334,0.6333333333333333,0.5666666666666667,0.6166666666666667,0.7666666666666667,0.65,0.7833333333333333,0.65,0.014234148333828973
plan_ppo_transformer,plan,transformer_s2,23014,-1441.0,-286.0,-132.0,-780.0,-243.0,19.316666666666666,4.7,126.0,26,17,24,19,67,60,6.539543299993966,0.55,0.6666666666666666,0.6333333333333333,0.55,0.55,0.6666666666666666,0.6166666666666667,0.55,0.45,0.5166666666666667,0.48333333333333334,0.5166666666666667,0.55,0.6333333333333333,0.55,0.6833333333333333,0.8333333333333334,0.4666666666666667,0.6166666666666667,0.6,0.013721659999040034
plan_ppo_transformer,plan,transformer_s2,23015,-757.0,-193.0,-72.0,-420.0,-72.0,9.766666666666667,2.85,115.0,23,17,27,25,232,60,5.988353699998697,0.6333333333333333,0.65,0.6333333333333333,0.4666666666666667,0.65,0.65,0.6166666666666667,0.4666666666666667,0.4666666666666667,0.5166666666666667,0.5166666666666667,0.4666666666666667,0.5333333333333333,0.7166666666666667,0.48333333333333334,0.55,0.6833333333333333,0.48333333333333334,0.8166666666666667,0.7333333333333333,0.013261568333109607
plan_ppo_transformer,plan,transformer_s2,23016,-1002.0,-353.0,-150.0,-396.0,-103.0,13.433333333333334,3.2666666666666666,123.0,21,14,25,19,221,60,6.080422700004419,0.5833333333333334,0.6666666666666666,0.5333333333333333,0.6166666666666667,0.5833333333333334,0.6666666666666666,0.5333333333333333,0.6166666666666667,0.48333333333333334,0.55,0.4,0.65,0.6333333333333333,0.6833333333333333,0.55,0.6166666666666667,0.65,0.4166666666666667,0.6833333333333333,0.5666666666666667,0.013477673333788213
plan_ppo_transformer,plan,transformer_s2,23017,-1163.0,-263.0,-192.0,-541.0,-167.0,15.45,3.933333333333333,119.0,25,19,25,20,88,60,6.079094200002146,0.55,0.7,0.6166666666666667,0.5833333333333334,0.55,0.7,0.6333333333333333,0.5833333333333334,0.5666666666666667,0.48333333333333334,0.43333333333333335,0.5666666666666667,0.55,0.6166666666666667,0.5,0.6333333333333333,0.8166666666666667,0.5333333333333333,0.65,0.5833333333333334,0.013146445000893436
plan_ppo_transformer,plan,transformer_s2,23018,-1010.0,-423.0,-57.0,-448.0,-82.0,13.366666666666667,3.466666666666667,119.0,24,11,24,20,261,60,6.170469599994249,0.5166666666666667,0.7333333333333333,0.6,0.55,0.5,0.7333333333333333,0.5833333333333334,0.55,0.36666666666666664,0.5833333333333334,0.48333333333333334,0.55,0.48333333333333334,0.7333333333333333,0.65,0.7,0.7666666666666667,0.3333333333333333,0.6666666666666666,0.5833333333333334,0.013190355000066727
plan_ppo_transformer,plan,transformer_s2,23019,-658.0,-214.0,-132.0,-213.0,-99.0,8.533333333333333,2.433333333333333,111.0,24,22,24,23,190,60,7.157116500005941,0.6,0.6,0.6666666666666666,0.43333333333333335,0.6,0.6,0.6666666666666666,0.43333333333333335,0.5166666666666667,0.48333333333333334,0.48333333333333334,0.5833333333333334,0.65,0.5333333333333333,0.6,0.6333333333333333,0.7,0.6333333333333333,0.6166666666666667,0.7,0.014375023333802044
plan_ppo_transformer,plan,transformer_s2,23020,-1355.0,-439.0,-118.0,-731.0,-67.0,18.033333333333335,4.55,135.0,25,19,26,15,183,60,7.817876700006309,0.5166666666666667,0.5833333333333334,0.5333333333333333,0.6666666666666666,0.5,0.5833333333333334,0.5333333333333333,0.6666666666666666,0.5833333333333334,0.6,0.45,0.6166666666666667,0.5833333333333334,0.5833333333333334,0.43333333333333335,0.7833333333333333,0.8,0.5833333333333334,0.7666666666666667,0.4666666666666667,0.015207145000749734
plan_ppo_transformer,plan,transformer_s2,23021,-1109.0,-332.0,-98.0,-498.0,-181.0,14.533333333333333,3.95,118.0,26,20,25,25,78,60,6.079002099999343,0.6,0.6,0.6166666666666667,0.43333333333333335,0.6,0.6,0.6166666666666667,0.43333333333333335,0.43333333333333335,0.45,0.38333333333333336,0.4,0.6333333333333333,0.6166666666666667,0.55,0.6,0.8,0.5333333333333333,0.6333333333333333,0.7833333333333333,0.013576806666969787
plan_ppo_transformer,plan,transformer_s2,23022,-1468.0,-770.0,-169.0,-235.0,-294.0,19.466666666666665,5.0,115.0,25,17,25,20,277,60,6.147565199993551,0.6333333333333333,0.6,0.7,0.5333333333333333,0.6166666666666667,0.6,0.7,0.5333333333333333,0.5,0.5166666666666667,0.45,0.5166666666666667,0.5333333333333333,0.5666666666666667,0.55,0.6333333333333333,0.7833333333333333,0.4666666666666667,0.6833333333333333,0.6666666666666666,0.013133329999739847
plan_ppo_transformer,plan,transformer_s2,23023,-1181.0,-523.0,-92.0,-311.0,-255.0,15.733333333333333,3.95,112.0,26,16,21,25,217,60,6.103220099990722,0.6,0.65,0.7,0.4666666666666667,0.6,0.65,0.7,0.45,0.43333333333333335,0.43333333333333335,0.5333333333333333,0.43333333333333335,0.6,0.6,0.65,0.48333333333333334,0.7166666666666667,0.43333333333333335,0.5666666666666667,0.7833333333333333,0.013475648332435716
plan_ppo_transformer,plan,transformer_s2,23024,-2301.0,-724.0,-64.0,-1104.0,-409.0,31.916666666666668,6.433333333333334,128.0,25,20,23,17,101,60,6.569585599994753,0.6,0.5333333333333333,0.6166666666666667,0.6166666666666667,0.6,0.5333333333333333,0.5833333333333334,0.6166666666666667,0.5333333333333333,0.48333333333333334,0.5,0.4666666666666667,0.5333333333333333,0.6333333333333333,0.5833333333333334,0.7166666666666667,0.7833333333333333,0.6333333333333333,0.65,0.5333333333333333,0.013248538333088315
plan_ppo_transformer,plan,transformer_s2,23025,-1351.0,-290.0,-90.0,-918.0,-53.0,17.883333333333333,4.633333333333334,132.0,27,21,26,17,97,60,6.209197400006815,0.55,0.5833333333333334,0.7166666666666667,0.6166666666666667,0.55,0.5833333333333334,0.7166666666666667,0.6166666666666667,0.5333333333333333,0.48333333333333334,0.5,0.5166666666666667,0.5,0.5666666666666667,0.5333333333333333,0.6833333333333333,0.8833333333333333,0.5666666666666667,0.7,0.5166666666666667,0.01339065166709285
plan_ppo_transformer,plan,transformer_s2,23026,-729.0,-197.0,-83.0,-370.0,-79.0,9.6,2.55,122.0,22,15,23,18,139,60,5.953370999995968,0.6333333333333333,0.6666666666666666,0.7166666666666667,0.5833333333333334,0.6333333333333333,0.6666666666666666,0.7166666666666667,0.5833333333333334,0.45,0.4666666666666667,0.5166666666666667,0.4666666666666667,0.6833333333333333,0.6666666666666666,0.6833333333333333,0.6833333333333333,0.6166666666666667,0.45,0.55,0.5833333333333334,0.013572316668190372
plan_ppo_transformer,plan,transformer_s2,23027,-1049.0,-246.0,-115.0,-536.0,-152.0,13.833333333333334,3.65,119.0,27,18,25,19,61,60,6.018680000008317,0.55,0.6333333333333333,0.6333333333333333,0.5833333333333334,0.55,0.6333333333333333,0.6,0.5833333333333334,0.4666666666666667,0.48333333333333334,0.35,0.55,0.5333333333333333,0.6,0.5166666666666667,0.6666666666666666,0.8833333333333333,0.55,0.65,0.6,0.013509391667563856
plan_ppo_transformer,plan,transformer_s2,23028,-1124.0,-539.0,-88.0,-389.0,-108.0,14.75,3.9833333333333334,128.0,24,20,27,20,257,60,6.306961999987834,0.7166666666666667,0.5,0.7333333333333333,0.5666666666666667,0.7,0.5,0.7333333333333333,0.5666666666666667,0.5166666666666667,0.5166666666666667,0.5333333333333333,0.6166666666666667,0.6,0.5833333333333334,0.6,0.6666666666666666,0.7666666666666667,0.55,0.6833333333333333,0.6333333333333333,0.01345184999954654
plan_ppo_transformer,plan,transformer_s2,23029,-2744.0,-865.0,-1062.0,-651.0,-166.0,38.016666666666666,7.716666666666667,129.0,25,19,23,21,190,60,7.034881599989603,0.55,0.5833333333333334,0.5833333333333334,0.5833333333333334,0.5833333333333334,0.5833333333333334,0.6,0.5833333333333334,0.45,0.55,0.48333333333333334,0.5666666666666667,0.55,0.7,0.6833333333333333,0.6333333333333333,0.7333333333333333,0.5666666666666667,0.6166666666666667,0.6833333333333333,0.01333317500029807
plan_ppo_transformer,plan,transformer_s3,23000,-831.0,-266.0,-138.0,-344.0,-83.0,10.916666666666666,2.933333333333333,124.0,21,17,26,15,96,60,6.128363999989233,0.7166666666666667,0.65,0.7,0.6833333333333333,0.7333333333333333,0.65,0.7333333333333333,0.6833333333333333,0.55,0.55,0.5166666666666667,0.5833333333333334,0.65,0.6666666666666666,0.5833333333333334,0.8,0.5,0.4666666666666667,0.6833333333333333,0.4,0.013375084999764416
plan_ppo_transformer,plan,transformer_s3,23001,-761.0,-258.0,-90.0,-329.0,-84.0,9.916666666666666,2.7666666666666666,120.0,19,13,25,17,115,60,6.0874798000004375,0.7166666666666667,0.75,0.6666666666666666,0.7,0.7166666666666667,0.75,0.6666666666666666,0.7,0.5666666666666667,0.5,0.5333333333333333,0.5666666666666667,0.6333333333333333,0.7,0.5166666666666667,0.7666666666666667,0.48333333333333334,0.36666666666666664,0.6,0.48333333333333334,0.013339036666972484
plan_ppo_transformer,plan,transformer_s3,23002,-920.0,-388.0,-119.0,-332.0,-81.0,12.15,3.183333333333333,113.0,22,18,28,22,277,60,6.016837700008182,0.7,0.5666666666666667,0.6333333333333333,0.5333333333333333,0.6833333333333333,0.5666666666666667,0.6333333333333333,0.5333333333333333,0.4166666666666667,0.5166666666666667,0.5333333333333333,0.5,0.6,0.6333333333333333,0.6666666666666666,0.7,0.5666666666666667,0.55,0.6666666666666666,0.5666666666666667,0.01353771500022655
plan_ppo_transformer,plan,transformer_s3,23003,-1075.0,-386.0,-23.0,-624.0,-42.0,14.35,3.566666666666667,140.0,25,18,26,13,134,60,6.098372699998436,0.65,0.5833333333333334,0.6666666666666666,0.7333333333333333,0.6166666666666667,0.5833333333333334,0.6666666666666666,0.7333333333333333,0.55,0.4666666666666667,0.5166666666666667,0.5333333333333333,0.5166666666666667,0.6333333333333333,0.4666666666666667,0.85,0.7333333333333333,0.5,0.7,0.35,0.013216256666297947
plan_ppo_transformer,plan,transformer_s3,23004,-771.0,-193.0,-55.0,-332.0,-191.0,9.983333333333333,2.8666666666666667,125.0,23,23,27,21,186,60,6.025896499995724,0.65,0.4166666666666667,0.7,0.7166666666666667,0.65,0.4166666666666667,0.7,0.7166666666666667,0.43333333333333335,0.4,0.43333333333333335,0.43333333333333335,0.6833333333333333,0.5,0.5,0.6666666666666666,0.65,0.6666666666666666,0.75,0.5833333333333334,0.013253428332973272
plan_ppo_transformer,plan,transformer_s3,23005,-927.0,-353.0,-117.0,-365.0,-92.0,12.166666666666666,3.283333333333333,114.0,23,19,27,23,184,60,6.916659800001071,0.7666666666666667,0.5666666666666667,0.55,0.5833333333333334,0.75,0.5666666666666667,0.5333333333333333,0.5833333333333334,0.5166666666666667,0.6,0.43333333333333335,0.6166666666666667,0.6666666666666666,0.6333333333333333,0.48333333333333334,0.7,0.5666666666666667,0.48333333333333334,0.75,0.65,0.015502695000274494
plan_ppo_transformer,plan,transformer_s3,23006,-916.0,-279.0,-107.0,-425.0,-105.0,12.3,2.966666666666667,119.0,21,13,24,19,9,60,6.355796799995005,0.6166666666666667,0.7333333333333333,0.65,0.7333333333333333,0.6166666666666667,0.7333333333333333,0.65,0.7333333333333333,0.5,0.5333333333333333,0.5,0.6,0.6666666666666666,0.75,0.4666666666666667,0.7166666666666667,0.5166666666666667,0.35,0.6666666666666666,0.4666666666666667,0.01377481499997278
plan_ppo_transformer,plan,transformer_s3,23007,-1297.0,-341.0,-173.0,-524.0,-259.0,17.35,4.266666666666667,111.0,22,20,28,9,281,60,6.1429364000068745,0.7,0.5,0.5666666666666667,0.8166666666666667,0.7166666666666667,0.5,0.5833333333333334,0.8166666666666667,0.4666666666666667,0.48333333333333334,0.45,0.5833333333333334,0.5666666666666667,0.6166666666666667,0.5833333333333334,0.85,0.55,0.6166666666666667,0.7333333333333333,0.25,0.013315373333413542
plan_ppo_transformer,plan,transformer_s3,23008,-1013.0,-250.0,-139.0,-355.0,-269.0,13.616666666666667,3.2666666666666666,124.0,23,21,27,17,83,60,6.1000244000024395,0.6666666666666666,0.5166666666666667,0.5166666666666667,0.65,0.6666666666666666,0.5166666666666667,0.5166666666666667,0.65,0.5166666666666667,0.5666666666666667,0.5,0.7,0.65,0.5333333333333333,0.4,0.75,0.5833333333333334,0.6333333333333333,0.8333333333333334,0.4666666666666667,0.013094245000441635
plan_ppo_transformer,plan,transformer_s3,23009,-1173.0,-261.0,-158.0,-681.0,-73.0,15.533333333333333,4.016666666666667,122.0,18,17,27,17,111,60,6.131385000000591,0.7166666666666667,0.65,0.5833333333333334,0.7,0.7166666666666667,0.65,0.6166666666666667,0.7,0.5,0.5333333333333333,0.5333333333333333,0.65,0.6333333333333333,0.65,0.43333333333333335,0.7833333333333333,0.45,0.48333333333333334,0.7666666666666667,0.43333333333333335,0.013085003333738616
plan_ppo_transformer,plan,transformer_s3,23010,-1668.0,-277.0,-49.0,-692.0,-650.0,22.583333333333332,5.216666666666667,110.0,26,15,24,16,296,60,6.236759599996731,0.7333333333333333,0.6166666666666667,0.65,0.7333333333333333,0.7333333333333333,0.6166666666666667,0.6666666666666666,0.7333333333333333,0.6,0.55,0.5333333333333333,0.55,0.6,0.6333333333333333,0.5,0.75,0.6833333333333333,0.4666666666666667,0.6666666666666666,0.45,0.013217896665931523
plan_ppo_transformer,plan,transformer_s3,23011,-621.0,-208.0,-30.0,-355.0,-28.0,8.166666666666666,2.183333333333333,112.0,21,15,25,9,264,60,5.883347699986189,0.6833333333333333,0.7166666666666667,0.5833333333333334,0.8,0.6833333333333333,0.7166666666666667,0.55,0.8,0.6666666666666666,0.55,0.43333333333333335,0.5666666666666667,0.6,0.6666666666666666,0.43333333333333335,0.85,0.5333333333333333,0.4,0.6833333333333333,0.26666666666666666,0.01309248166702067
plan_ppo_transformer,plan,transformer_s3,23012,-1102.0,-461.0,-48.0,-453.0,-140.0,14.683333333333334,3.683333333333333,140.0,21,13,23,13,288,60,6.360151200002292,0.7333333333333333,0.7166666666666667,0.6166666666666667,0.7,0.7166666666666667,0.7166666666666667,0.6166666666666667,0.7,0.5833333333333334,0.5,0.48333333333333334,0.5833333333333334,0.7166666666666667,0.75,0.65,0.7166666666666667,0.5666666666666667,0.4166666666666667,0.6666666666666666,0.4,0.013186829998934021
plan_ppo_transformer,plan,transformer_s3,23013,-962.0,-173.0,-207.0,-485.0,-97.0,12.75,3.283333333333333,124.0,21,22,26,17,89,60,5.973492699995404,0.7,0.5,0.6166666666666667,0.7166666666666667,0.7,0.5,0.6333333333333333,0.7166666666666667,0.5,0.5333333333333333,0.38333333333333336,0.5,0.5833333333333334,0.5166666666666667,0.5666666666666667,0.75,0.6333333333333333,0.5833333333333334,0.7166666666666667,0.43333333333333335,0.013141141666468077
plan_ppo_transformer,plan,transformer_s3,23014,-1207.0,-261.0,-147.0,-616.0,-183.0,15.983333333333333,4.133333333333334,132.0,21,21,25,21,67,60,6.200361600000178,0.6833333333333333,0.5333333333333333,0.6,0.6333333333333333,0.7,0.5333333333333333,0.6,0.6333333333333333,0.5,0.48333333333333334,0.48333333333333334,0.4666666666666667,0.6,0.5833333333333334,0.45,0.7166666666666667,0.55,0.5666666666666667,0.7166666666666667,0.55,0.013427218333769511
plan_ppo_transformer,plan,transformer_s3,23015,-696.0,-125.0,-129.0,-307.0,-135.0,9.1,2.5,117.0,19,18,26,25,232,60,6.001599899987923,0.7333333333333333,0.5833333333333334,0.6333333333333333,0.6333333333333333,0.7333333333333333,0.5833333333333334,0.6333333333333333,0.6333333333333333,0.5166666666666667,0.5333333333333333,0.4666666666666667,0.5,0.6166666666666667,0.6166666666666667,0.5,0.6833333333333333,0.5166666666666667,0.55,0.6666666666666666,0.7,0.013334799998119706
plan_ppo_transformer,plan,transformer_s3,23016,-1101.0,-380.0,-149.0,-426.0,-146.0,14.416666666666666,3.933333333333333,126.0,19,19,25,23,221,60,6.173161200000322,0.75,0.65,0.55,0.55,0.7666666666666667,0.65,0.55,0.55,0.6,0.5,0.5333333333333333,0.5166666666666667,0.6833333333333333,0.65,0.4666666666666667,0.65,0.45,0.5333333333333333,0.7333333333333333,0.65,0.013321750000613974
plan_ppo_transformer,plan,transformer_s3,23017,-1591.0,-282.0,-204.0,-1028.0,-77.0,21.7,4.816666666666666,117.0,19,20,24,16,88,60,6.336298199996236,0.65,0.65,0.5666666666666667,0.65,0.6333333333333333,0.65,0.55,0.65,0.5833333333333334,0.55,0.48333333333333334,0.5333333333333333,0.7166666666666667,0.6166666666666667,0.5166666666666667,0.7166666666666667,0.5333333333333333,0.55,0.7,0.5,0.013269516668030217
plan_ppo_transformer,plan,transformer_s3,23018,-1265.0,-423.0,-177.0,-559.0,-106.0,16.65,4.433333333333334,116.0,22,15,25,16,261,60,6.3087598999991314,0.7166666666666667,0.65,0.6333333333333333,0.7333333333333333,0.7166666666666667,0.65,0.6333333333333333,0.7333333333333333,0.5,0.55,0.48333333333333334,0.45,0.6166666666666667,0.6666666666666666,0.5666666666666667,0.7166666666666667,0.48333333333333334,0.4666666666666667,0.6333333333333333,0.4166666666666667,0.01330523666620138
plan_ppo_transformer,plan,transformer_s3,23019,-586.0,-246.0,-100.0,-185.0,-55.0,7.683333333333334,2.0833333333333335,111.0,23,21,26,19,190,60,5.889642599999206,0.7,0.6166666666666667,0.6,0.55,0.7,0.6166666666666667,0.6,0.55,0.5666666666666667,0.4166666666666667,0.45,0.5666666666666667,0.5666666666666667,0.5666666666666667,0.5333333333333333,0.7166666666666667,0.5166666666666667,0.5333333333333333,0.6666666666666666,0.5666666666666667,0.013307963332044892
plan_ppo_transformer,plan,transformer_s3,23020,-1487.0,-404.0,-178.0,-756.0,-149.0,20.016666666666666,4.766666666666667,135.0,21,15,25,17,183,60,6.363851000001887,0.6333333333333333,0.5666666666666667,0.5833333333333334,0.7166666666666667,0.6666666666666666,0.5833333333333334,0.5833333333333334,0.6833333333333333,0.5166666666666667,0.5333333333333333,0.45,0.5166666666666667,0.6,0.6833333333333333,0.5166666666666667,0.75,0.6,0.45,0.7166666666666667,0.43333333333333335,0.013309830000556152
plan_ppo_transformer,plan,transformer_s3,23021,-845.0,-188.0,-153.0,-460.0,-44.0,11.133333333333333,2.95,114.0,21,19,25,14,78,60,6.253259699995397,0.65,0.6166666666666667,0.6,0.6833333333333333,0.65,0.6166666666666667,0.6166666666666667,0.6833333333333333,0.5,0.43333333333333335,0.4666666666666667,0.6333333333333333,0.6166666666666667,0.6833333333333333,0.4666666666666667,0.8166666666666667,0.48333333333333334,0.55,0.7,0.36666666666666664,0.013605829999869456
plan_ppo_transformer,plan,transformer_s3,23022,-1171.0,-572.0,-136.0,-359.0,-104.0,15.416666666666666,4.1,116.0,23,19,25,15,277,60,6.448199800011935,0.7333333333333333,0.6,0.7166666666666667,0.7333333333333333,0.7166666666666667,0.6,0.7166666666666667,0.7333333333333333,0.55,0.55,0.5833333333333334,0.5833333333333334,0.5666666666666667,0.5833333333333334,0.6166666666666667,0.7833333333333333,0.6166666666666667,0.5,0.5833333333333334,0.4166666666666667,0.013846526666505573
plan_ppo_transformer,plan,transformer_s3,23023,-758.0,-323.0,-62.0,-256.0,-117.0,9.916666666666666,2.716666666666667,114.0,23,19,23,21,217,60,5.866274400003022,0.7166666666666667,0.6,0.65,0.5166666666666667,0.7166666666666667,0.6,0.65,0.5166666666666667,0.4666666666666667,0.5166666666666667,0.5666666666666667,0.5833333333333334,0.6166666666666667,0.5666666666666667,0.55,0.6833333333333333,0.6166666666666667,0.5666666666666667,0.6333333333333333,0.6166666666666667,0.013124038334111295
plan_ppo_transformer,plan,transformer_s3,23024,-1740.0,-578.0,-54.0,-1008.0,-100.0,23.083333333333332,5.916666666666667,128.0,23,21,27,18,101,60,6.499648999990313,0.7333333333333333,0.43333333333333335,0.5833333333333334,0.6666666666666666,0.7333333333333333,0.43333333333333335,0.5833333333333334,0.6666666666666666,0.5333333333333333,0.5166666666666667,0.48333333333333334,0.48333333333333334,0.6166666666666667,0.5333333333333333,0.5333333333333333,0.7166666666666667,0.6,0.6666666666666666,0.8,0.45,0.013307944999542087
plan_ppo_transformer,plan,transformer_s3,23025,-1190.0,-155.0,-128.0,-851.0,-56.0,15.266666666666667,4.566666666666666,127.0,23,17,27,12,97,60,6.238712000005762,0.7333333333333333,0.6833333333333333,0.6,0.7333333333333333,0.7333333333333333,0.6833333333333333,0.6,0.7333333333333333,0.5,0.5333333333333333,0.4666666666666667,0.5333333333333333,0.5833333333333334,0.7166666666666667,0.5,0.75,0.5,0.5166666666666667,0.7833333333333333,0.3333333333333333,0.013305810001232507
plan_ppo_transformer,plan,transformer_s3,23026,-1150.0,-253.0,-204.0,-457.0,-236.0,15.666666666666666,3.5,116.0,23,19,25,17,139,60,6.0078472000022884,0.65,0.65,0.7,0.6666666666666666,0.6666666666666666,0.65,0.7,0.6666666666666666,0.5333333333333333,0.48333333333333334,0.5666666666666667,0.5833333333333334,0.6166666666666667,0.5833333333333334,0.5166666666666667,0.6833333333333333,0.5833333333333334,0.5833333333333334,0.6833333333333333,0.4666666666666667,0.01306221499980893
plan_ppo_transformer,plan,transformer_s3,23027,-758.0,-218.0,-79.0,-328.0,-133.0,9.9,2.7333333333333334,124.0,22,18,28,24,61,60,5.943304700005683,0.6333333333333333,0.6333333333333333,0.65,0.5666666666666667,0.6333333333333333,0.6333333333333333,0.65,0.5666666666666667,0.5666666666666667,0.5166666666666667,0.4666666666666667,0.5166666666666667,0.6,0.6,0.5333333333333333,0.7,0.6,0.48333333333333334,0.75,0.65,0.013370183333366488
plan_ppo_transformer,plan,transformer_s3,23028,-835.0,-335.0,-84.0,-342.0,-74.0,11.0,2.9166666666666665,136.0,21,17,23,16,257,60,6.149765699999989,0.6166666666666667,0.6666666666666666,0.65,0.7,0.6166666666666667,0.6666666666666666,0.65,0.7,0.5,0.5333333333333333,0.5166666666666667,0.5333333333333333,0.7,0.6833333333333333,0.6,0.7833333333333333,0.5166666666666667,0.48333333333333334,0.6333333333333333,0.45,0.013316351666920431
plan_ppo_transformer,plan,transformer_s3,23029,-2180.0,-895.0,-520.0,-552.0,-213.0,29.383333333333333,6.95,140.0,19,19,26,20,190,60,6.807054499993683,0.6333333333333333,0.6,0.65,0.6666666666666666,0.65,0.6,0.6333333333333333,0.6666666666666666,0.5,0.38333333333333336,0.45,0.38333333333333336,0.6833333333333333,0.6,0.45,0.7333333333333333,0.5166666666666667,0.6,0.7166666666666667,0.55,0.013237575000918394
plan_ppo_transformer,plan,transformer_s4,23000,-1115.0,-408.0,-140.0,-457.0,-110.0,14.75,3.8333333333333335,121.0,25,21,28,21,96,60,6.153159099994809,0.6833333333333333,0.6666666666666666,0.5833333333333334,0.5,0.6666666666666666,0.6666666666666666,0.6,0.5,0.5166666666666667,0.5166666666666667,0.48333333333333334,0.4666666666666667,0.5833333333333334,0.6333333333333333,0.5,0.6166666666666667,0.6833333333333333,0.5166666666666667,0.9166666666666666,0.65,0.013290743333588277
plan_ppo_transformer,plan,transformer_s4,23001,-1188.0,-282.0,-74.0,-694.0,-138.0,15.666666666666666,4.133333333333334,119.0,22,14,27,22,115,60,6.259513700002572,0.7333333333333333,0.6833333333333333,0.6666666666666666,0.48333333333333334,0.75,0.6833333333333333,0.6333333333333333,0.48333333333333334,0.5833333333333334,0.5166666666666667,0.5333333333333333,0.48333333333333334,0.6,0.7333333333333333,0.5833333333333334,0.6166666666666667,0.5666666666666667,0.4166666666666667,0.8333333333333334,0.7166666666666667,0.013336868332892967
plan_ppo_transformer,plan,transformer_s4,23002,-1067.0,-344.0,-214.0,-356.0,-153.0,14.366666666666667,3.4166666666666665,113.0,27,17,28,23,277,60,5.987061099993298,0.55,0.6166666666666667,0.55,0.5833333333333334,0.55,0.6166666666666667,0.55,0.5833333333333334,0.48333333333333334,0.48333333333333334,0.5,0.5,0.48333333333333334,0.6666666666666666,0.5333333333333333,0.6166666666666667,0.7666666666666667,0.4666666666666667,0.85,0.6833333333333333,0.013452139999329423
plan_ppo_transformer,plan,transformer_s4,23003,-907.0,-322.0,-143.0,-319.0,-123.0,11.833333333333334,3.283333333333333,135.0,26,23,27,23,134,60,6.028024800005369,0.5833333333333334,0.5,0.55,0.48333333333333334,0.5666666666666667,0.5,0.5666666666666667,0.48333333333333334,0.6,0.5,0.45,0.5666666666666667,0.5833333333333334,0.5333333333333333,0.55,0.6166666666666667,0.6833333333333333,0.7,0.9,0.75,0.01320829499939767
plan_ppo_transformer,plan,transformer_s4,23004,-1074.0,-559.0,-166.0,-214.0,-135.0,14.316666666666666,3.5833333333333335,124.0,23,17,28,25,186,60,6.88787739998952,0.5666666666666667,0.6333333333333333,0.5166666666666667,0.45,0.5833333333333334,0.6333333333333333,0.5166666666666667,0.45,0.6166666666666667,0.48333333333333334,0.4166666666666667,0.48333333333333334,0.6166666666666667,0.65,0.5666666666666667,0.5833333333333334,0.65,0.48333333333333334,0.85,0.8166666666666667,0.01497162999973322
plan_ppo_transformer,plan,transformer_s4,23005,-1179.0,-238.0,-458.0,-346.0,-137.0,16.166666666666668,3.4833333333333334,116.0,23,14,27,23,184,60,6.191166200005682,0.65,0.6666666666666666,0.65,0.5166666666666667,0.65,0.6666666666666666,0.65,0.5166666666666667,0.5333333333333333,0.48333333333333334,0.4,0.5,0.65,0.6833333333333333,0.5,0.5666666666666667,0.6166666666666667,0.4,0.8166666666666667,0.7,0.013631563332213166
plan_ppo_transformer,plan,transformer_s4,23006,-1295.0,-296.0,-288.0,-663.0,-48.0,17.333333333333332,4.25,116.0,23,17,29,17,9,60,6.244851199997356,0.6666666666666666,0.5833333333333334,0.5666666666666667,0.5833333333333334,0.6833333333333333,0.5833333333333334,0.5666666666666667,0.5833333333333334,0.43333333333333335,0.5,0.4166666666666667,0.6166666666666667,0.6833333333333333,0.7333333333333333,0.48333333333333334,0.6833333333333333,0.6166666666666667,0.45,0.9166666666666666,0.5,0.013757405000069412
plan_ppo_transformer,plan,transformer_s4,23007,-1179.0,-279.0,-113.0,-481.0,-306.0,15.566666666666666,4.083333333333333,112.0,22,20,28,21,281,60,6.304991799988784,0.6833333333333333,0.5666666666666667,0.48333333333333334,0.5,0.7,0.5666666666666667,0.48333333333333334,0.5,0.4666666666666667,0.45,0.45,0.4666666666666667,0.6833333333333333,0.55,0.55,0.6333333333333333,0.6,0.6166666666666667,0.85,0.6833333333333333,0.013268609999552912
plan_ppo_transformer,plan,transformer_s4,23008,-1184.0,-316.0,-105.0,-545.0,-218.0,15.466666666666667,4.266666666666667,123.0,27,19,27,19,83,60,6.339623399995617,0.65,0.65,0.65,0.6166666666666667,0.6666666666666666,0.65,0.65,0.6166666666666667,0.55,0.48333333333333334,0.45,0.6,0.5666666666666667,0.6333333333333333,0.48333333333333334,0.6666666666666666,0.6833333333333333,0.5166666666666667,0.8166666666666667,0.6166666666666667,0.013586994999059243
plan_ppo_transformer,plan,transformer_s4,23009,-1200.0,-215.0,-91.0,-694.0,-200.0,15.65,4.35,124.0,23,18,27,23,111,60,6.500659400000586,0.6666666666666666,0.5833333333333334,0.5333333333333333,0.5333333333333333,0.6666666666666666,0.5833333333333334,0.6,0.5333333333333333,0.5666666666666667,0.55,0.45,0.5333333333333333,0.6833333333333333,0.6333333333333333,0.45,0.55,0.6166666666666667,0.5333333333333333,0.8833333333333333,0.7,0.013713955001003341
plan_ppo_transformer,plan,transformer_s4,23010,-1083.0,-312.0,-81.0,-517.0,-173.0,14.166666666666666,3.8833333333333333,121.0,26,16,26,20,296,60,6.248312099996838,0.6333333333333333,0.7166666666666667,0.65,0.5833333333333334,0.6333333333333333,0.7166666666666667,0.65,0.6,0.4166666666666667,0.6166666666666667,0.5666666666666667,0.5333333333333333,0.5666666666666667,0.7166666666666667,0.5666666666666667,0.7333333333333333,0.65,0.43333333333333335,0.8,0.55,0.01340760166713153
plan_ppo_transformer,plan,transformer_s4,23011,-899.0,-309.0,-69.0,-412.0,-109.0,11.783333333333333,3.2,113.0,23,19,28,20,264,60,6.079846200009342,0.6666666666666666,0.6,0.5666666666666667,0.5666666666666667,0.6833333333333333,0.6,0.55,0.5666666666666667,0.6333333333333333,0.5666666666666667,0.5166666666666667,0.55,0.6666666666666666,0.6,0.4,0.6166666666666667,0.6166666666666667,0.55,0.8666666666666667,0.6333333333333333,0.013227511665900239
plan_ppo_transformer,plan,transformer_s4,23012,-1005.0,-393.0,-74.0,-427.0,-111.0,13.416666666666666,3.3333333333333335,137.0,21,11,25,17,288,60,6.476645399990957,0.7666666666666667,0.75,0.6166666666666667,0.6166666666666667,0.7666666666666667,0.75,0.6,0.6166666666666667,0.48333333333333334,0.5666666666666667,0.4166666666666667,0.5166666666666667,0.7166666666666667,0.8166666666666667,0.5833333333333334,0.6666666666666666,0.6,0.35,0.7833333333333333,0.55,0.01348172000022411
plan_ppo_transformer,plan,transformer_s4,23013,-953.0,-168.0,-73.0,-598.0,-114.0,12.483333333333333,3.4,125.0,19,15,27,17,89,60,6.097017899999628,0.8166666666666667,0.7,0.5666666666666667,0.6666666666666666,0.8166666666666667,0.7,0.5666666666666667,0.6666666666666666,0.55,0.5333333333333333,0.45,0.5333333333333333,0.6666666666666666,0.7166666666666667,0.5,0.6333333333333333,0.4666666666666667,0.43333333333333335,0.8833333333333333,0.5,0.013462901667177599
plan_ppo_transformer,plan,transformer_s4,23014,-1731.0,-293.0,-191.0,-922.0,-325.0,23.1,5.75,122.0,23,15,25,21,67,60,6.537297899994883,0.5833333333333334,0.65,0.5666666666666667,0.5833333333333334,0.5833333333333334,0.65,0.5833333333333334,0.5833333333333334,0.5166666666666667,0.6,0.4666666666666667,0.5666666666666667,0.5833333333333334,0.7166666666666667,0.4166666666666667,0.5666666666666667,0.6166666666666667,0.4166666666666667,0.7666666666666667,0.65,0.013260154998958266
plan_ppo_transformer,plan,transformer_s4,23015,-719.0,-142.0,-157.0,-297.0,-123.0,9.483333333333333,2.5,116.0,23,16,28,23,232,60,5.972242899995763,0.5666666666666667,0.6,0.4166666666666667,0.5666666666666667,0.5666666666666667,0.6,0.4166666666666667,0.5666666666666667,0.5,0.4666666666666667,0.4,0.4166666666666667,0.7,0.6166666666666667,0.5333333333333333,0.5666666666666667,0.6666666666666666,0.43333333333333335,0.8833333333333333,0.6333333333333333,0.013158376667464229
plan_ppo_transformer,plan,transformer_s4,23016,-1265.0,-398.0,-104.0,-703.0,-60.0,16.716666666666665,4.366666666666666,121.0,24,15,25,17,221,60,6.350710700004129,0.6833333333333333,0.6666666666666666,0.6166666666666667,0.5666666666666667,0.6833333333333333,0.6666666666666666,0.6333333333333333,0.5666666666666667,0.5,0.55,0.5166666666666667,0.55,0.6166666666666667,0.7166666666666667,0.55,0.7,0.6333333333333333,0.4166666666666667,0.8166666666666667,0.5333333333333333,0.01341638666660098
plan_ppo_transformer,plan,transformer_s4,23017,-1202.0,-221.0,-316.0,-507.0,-158.0,16.25,3.783333333333333,122.0,24,18,27,19,88,60,6.064465300005395,0.6666666666666666,0.7166666666666667,0.6166666666666667,0.6166666666666667,0.6666666666666666,0.7166666666666667,0.5833333333333334,0.6166666666666667,0.6166666666666667,0.5166666666666667,0.48333333333333334,0.6,0.6166666666666667,0.7166666666666667,0.55,0.7,0.65,0.55,0.8,0.55,0.013222858334969109
plan_ppo_transformer,plan,transformer_s4,23018,-1232.0,-554.0,-75.0,-443.0,-160.0,16.25,4.283333333333333,121.0,26,14,28,24,261,60,6.325712599995313,0.6166666666666667,0.6666666666666666,0.5166666666666667,0.5166666666666667,0.6166666666666667,0.6666666666666666,0.5166666666666667,0.5166666666666667,0.4,0.48333333333333334,0.48333333333333334,0.4,0.5833333333333334,0.7166666666666667,0.5333333333333333,0.5666666666666667,0.7666666666666667,0.43333333333333335,0.8666666666666667,0.7833333333333333,0.013357853332854575
plan_ppo_transformer,plan,transformer_s4,23019,-676.0,-230.0,-61.0,-239.0,-146.0,8.816666666666666,2.45,112.0,21,19,27,23,190,60,6.014835699999821,0.6833333333333333,0.6666666666666666,0.6166666666666667,0.5333333333333333,0.6833333333333333,0.6666666666666666,0.6166666666666667,0.5333333333333333,0.6166666666666667,0.55,0.5833333333333334,0.5333333333333333,0.6666666666666666,0.6333333333333333,0.6166666666666667,0.6,0.5166666666666667,0.5333333333333333,0.8666666666666667,0.7,0.013490781667496777
plan_ppo_transformer,plan,transformer_s4,23020,-1467.0,-404.0,-131.0,-766.0,-166.0,19.2,5.25,132.0,23,17,28,25,183,60,6.438928200004739,0.6333333333333333,0.55,0.5833333333333334,0.45,0.6166666666666667,0.55,0.5666666666666667,0.45,0.4666666666666667,0.5666666666666667,0.5333333333333333,0.5166666666666667,0.5833333333333334,0.6666666666666666,0.5166666666666667,0.5833333333333334,0.6333333333333333,0.5,0.8833333333333333,0.8,0.013436234999486867
plan_ppo_transformer,plan,transformer_s4,23021,-842.0,-242.0,-42.0,-441.0,-117.0,11.166666666666666,2.8666666666666667,119.0,22,19,25,19,78,60,6.038333999997121,0.6833333333333333,0.55,0.5666666666666667,0.5666666666666667,0.6833333333333333,0.55,0.5666666666666667,0.5666666666666667,0.48333333333333334,0.5833333333333334,0.4666666666666667,0.5,0.5833333333333334,0.6,0.5833333333333334,0.6,0.6333333333333333,0.55,0.75,0.5833333333333334,0.013532378332941637
plan_ppo_transformer,plan,transformer_s4,23022,-1242.0,-624.0,-121.0,-319.0,-178.0,16.466666666666665,4.233333333333333,117.0,25,19,26,25,277,60,6.281041499998537,0.6333333333333333,0.55,0.5833333333333334,0.4,0.6166666666666667,0.55,0.5833333333333334,0.4,0.5333333333333333,0.5333333333333333,0.6,0.45,0.5833333333333334,0.6666666666666666,0.55,0.55,0.7,0.5166666666666667,0.8166666666666667,0.8333333333333334,0.013394940000580391
plan_ppo_transformer,plan,transformer_s4,23023,-1038.0,-326.0,-131.0,-428.0,-153.0,13.766666666666667,3.533333333333333,113.0,26,13,28,24,217,60,6.111854500006302,0.7,0.5833333333333334,0.5333333333333333,0.5,0.7166666666666667,0.5833333333333334,0.5333333333333333,0.5,0.5,0.5833333333333334,0.48333333333333334,0.55,0.6166666666666667,0.75,0.5333333333333333,0.6,0.65,0.4,0.8666666666666667,0.75,0.01349141166647314
plan_ppo_transformer,plan,transformer_s4,23024,-1524.0,-439.0,-91.0,-662.0,-332.0,19.933333333333334,5.466666666666667,130.0,25,17,28,24,101,60,6.5824255000043195,0.7666666666666667,0.7166666666666667,0.6833333333333333,0.5,0.7666666666666667,0.7166666666666667,0.6833333333333333,0.5,0.6,0.5333333333333333,0.45,0.5333333333333333,0.6,0.65,0.5,0.6,0.6166666666666667,0.45,0.8666666666666667,0.6666666666666666,0.013418373332630533
plan_ppo_transformer,plan,transformer_s4,23025,-1295.0,-227.0,-91.0,-854.0,-123.0,17.0,4.583333333333333,134.0,23,19,27,22,97,60,6.292761899996549,0.6666666666666666,0.6,0.5166666666666667,0.5,0.6666666666666666,0.6,0.5166666666666667,0.5,0.48333333333333334,0.48333333333333334,0.5,0.5333333333333333,0.6166666666666667,0.6166666666666667,0.5666666666666667,0.6166666666666667,0.6,0.5,0.9166666666666666,0.7,0.01344493166616303
plan_ppo_transformer,plan,transformer_s4,23026,-895.0,-311.0,-145.0,-280.0,-159.0,11.766666666666667,3.15,123.0,23,24,27,22,139,60,6.164708799988148,0.6166666666666667,0.5666666666666667,0.5833333333333334,0.5166666666666667,0.6166666666666667,0.5666666666666667,0.6,0.5166666666666667,0.5666666666666667,0.43333333333333335,0.5166666666666667,0.48333333333333334,0.6,0.5666666666666667,0.6166666666666667,0.6,0.6166666666666667,0.65,0.7666666666666667,0.7166666666666667,0.013504981666968282
plan_ppo_transformer,plan,transformer_s4,23027,-1053.0,-378.0,-80.0,-514.0,-81.0,14.0,3.55,113.0,24,16,28,16,61,60,6.07427200001257,0.7333333333333333,0.6666666666666666,0.65,0.7166666666666667,0.7333333333333333,0.6666666666666666,0.65,0.7166666666666667,0.6,0.5333333333333333,0.48333333333333334,0.48333333333333334,0.5333333333333333,0.6833333333333333,0.55,0.7333333333333333,0.6833333333333333,0.4666666666666667,0.8833333333333333,0.43333333333333335,0.013759871666843537
plan_ppo_transformer,plan,transformer_s4,23028,-1399.0,-606.0,-218.0,-418.0,-157.0,18.566666666666666,4.75,127.0,21,21,27,21,257,60,6.468040200008545,0.6833333333333333,0.6833333333333333,0.6166666666666667,0.5666666666666667,0.65,0.6833333333333333,0.6166666666666667,0.5666666666666667,0.48333333333333334,0.55,0.48333333333333334,0.4666666666666667,0.6333333333333333,0.5666666666666667,0.6166666666666667,0.5833333333333334,0.5833333333333334,0.5666666666666667,0.7666666666666667,0.6666666666666666,0.013614836665995729
plan_ppo_transformer,plan,transformer_s4,23029,-2055.0,-590.0,-602.0,-640.0,-223.0,27.166666666666668,7.083333333333333,131.0,23,17,26,22,190,60,9.15815719999955,0.6,0.65,0.55,0.6,0.6333333333333333,0.65,0.5833333333333334,0.6,0.5833333333333334,0.6166666666666667,0.43333333333333335,0.43333333333333335,0.5333333333333333,0.6833333333333333,0.48333333333333334,0.65,0.6,0.48333333333333334,0.7833333333333333,0.65,0.0157787750007022
