policy,kind,seed_label,scenario_seed,reward,waiting_mean,queue_mean,phase_switches,steps
directo_10k_fix_s3,direct,models/checkpoints/controller_direct_fixed/seed3/best_model.zip,7000,-351.50000000000006,4.816666666666666,1.25,26,60
directo_10k_fix_s3,direct,models/checkpoints/controller_direct_fixed/seed3/best_model.zip,7001,-275.5,3.75,1.0666666666666667,26,60
directo_10k_fix_s3,direct,models/checkpoints/controller_direct_fixed/seed3/best_model.zip,7002,-742.1000000000003,10.566666666666666,2.0166666666666666,21,60
directo_10k_fix_s3,direct,models/checkpoints/controller_direct_fixed/seed3/best_model.zip,7003,-464.50000000000017,6.3,1.6,26,60
directo_10k_fix_s3,direct,models/checkpoints/controller_direct_fixed/seed3/best_model.zip,7004,-395.60000000000014,5.35,1.4333333333333333,28,60
directo_10k_fix_s3,direct,models/checkpoints/controller_direct_fixed/seed3/best_model.zip,7005,-399.0000000000001,5.516666666666667,1.35,24,60
directo_10k_fix_s3,direct,models/checkpoints/controller_direct_fixed/seed3/best_model.zip,7006,-736.2000000000003,10.4,2.0833333333333335,21,60
directo_10k_fix_s3,direct,models/checkpoints/controller_direct_fixed/seed3/best_model.zip,7007,-612.5000000000002,8.25,2.066666666666667,26,60
directo_10k_fix_s3,direct,models/checkpoints/controller_direct_fixed/seed3/best_model.zip,7008,-749.2000000000003,10.383333333333333,2.3,22,60
directo_10k_fix_s3,direct,models/checkpoints/controller_direct_fixed/seed3/best_model.zip,7009,-458.2000000000004,6.583333333333333,1.2666666666666666,24,60
directo_10k_fix_s3,direct,models/checkpoints/controller_direct_fixed/seed3/best_model.zip,7010,-408.0000000000002,5.516666666666667,1.4666666666666666,24,60
directo_10k_fix_s3,direct,models/checkpoints/controller_direct_fixed/seed3/best_model.zip,7011,-645.6000000000001,8.633333333333333,2.3666666666666667,26,60
directo_10k_fix_s3,direct,models/checkpoints/controller_direct_fixed/seed3/best_model.zip,7012,-693.6000000000003,9.15,2.55,28,60
directo_10k_fix_s3,direct,models/checkpoints/controller_direct_fixed/seed3/best_model.zip,7013,-615.1000000000003,8.783333333333333,1.6666666666666667,21,60
directo_10k_fix_s3,direct,models/checkpoints/controller_direct_fixed/seed3/best_model.zip,7014,-367.6000000000001,4.866666666666666,1.4166666666666667,28,60
directo_10k_fix_s3,direct,models/checkpoints/controller_direct_fixed/seed3/best_model.zip,7015,-366.6,4.883333333333334,1.3666666666666667,28,60
directo_10k_fix_s3,direct,models/checkpoints/controller_direct_fixed/seed3/best_model.zip,7016,-730.1000000000004,10.016666666666667,2.3333333333333335,24,60
directo_10k_fix_s3,direct,models/checkpoints/controller_direct_fixed/seed3/best_model.zip,7017,-479.5000000000001,6.416666666666667,1.75,26,60
directo_10k_fix_s3,direct,models/checkpoints/controller_direct_fixed/seed3/best_model.zip,7018,-370.70000000000005,4.95,1.3666666666666667,28,60
directo_10k_fix_s3,direct,models/checkpoints/controller_direct_fixed/seed3/best_model.zip,7019,-606.2000000000003,8.383333333333333,1.8666666666666667,22,60
directo_10k_fix_s3,direct,models/checkpoints/controller_direct_fixed/seed3/best_model.zip,7020,-770.1000000000003,10.316666666666666,2.683333333333333,24,60
directo_10k_fix_s3,direct,models/checkpoints/controller_direct_fixed/seed3/best_model.zip,7021,-660.5000000000002,8.8,2.3333333333333335,26,60
directo_10k_fix_s3,direct,models/checkpoints/controller_direct_fixed/seed3/best_model.zip,7022,-468.4000000000002,6.466666666666667,1.5166666666666666,26,60
directo_10k_fix_s3,direct,models/checkpoints/controller_direct_fixed/seed3/best_model.zip,7023,-438.5000000000001,5.85,1.6333333333333333,26,60
directo_10k_fix_s3,direct,models/checkpoints/controller_direct_fixed/seed3/best_model.zip,7024,-396.1000000000001,5.416666666666667,1.3833333333333333,24,60
directo_10k_fix_s3,direct,models/checkpoints/controller_direct_fixed/seed3/best_model.zip,7025,-433.40000000000015,5.9,1.4833333333333334,26,60
directo_10k_fix_s3,direct,models/checkpoints/controller_direct_fixed/seed3/best_model.zip,7026,-381.60000000000014,5.1,1.4666666666666666,28,60
directo_10k_fix_s3,direct,models/checkpoints/controller_direct_fixed/seed3/best_model.zip,7027,-630.1000000000003,8.95,1.7333333333333334,21,60
directo_10k_fix_s3,direct,models/checkpoints/controller_direct_fixed/seed3/best_model.zip,7028,-583.2000000000003,8.266666666666667,1.6166666666666667,22,60
directo_10k_fix_s3,direct,models/checkpoints/controller_direct_fixed/seed3/best_model.zip,7029,-1024.4,14.55,2.683333333333333,25,60
tiempo_fijo,fixed,deterministic,7000,-405.2000000000001,5.516666666666667,1.4,22,60
tiempo_fijo,fixed,deterministic,7001,-402.20000000000005,5.45,1.4833333333333334,22,60
tiempo_fijo,fixed,deterministic,7002,-397.20000000000005,5.333333333333333,1.4833333333333334,22,60
tiempo_fijo,fixed,deterministic,7003,-435.20000000000005,5.883333333333334,1.5333333333333334,22,60
tiempo_fijo,fixed,deterministic,7004,-358.20000000000005,4.85,1.3333333333333333,22,60
tiempo_fijo,fixed,deterministic,7005,-392.20000000000005,5.283333333333333,1.4333333333333333,22,60
tiempo_fijo,fixed,deterministic,7006,-405.20000000000005,5.566666666666666,1.4,22,60
tiempo_fijo,fixed,deterministic,7007,-368.20000000000005,5.033333333333333,1.35,22,60
tiempo_fijo,fixed,deterministic,7008,-382.20000000000005,5.216666666666667,1.4166666666666667,22,60
tiempo_fijo,fixed,deterministic,7009,-418.20000000000005,5.7,1.45,22,60
tiempo_fijo,fixed,deterministic,7010,-386.2000000000001,5.266666666666667,1.35,22,60
tiempo_fijo,fixed,deterministic,7011,-362.20000000000005,4.983333333333333,1.3,22,60
tiempo_fijo,fixed,deterministic,7012,-426.20000000000005,5.8,1.5166666666666666,22,60
tiempo_fijo,fixed,deterministic,7013,-325.20000000000005,4.4,1.2666666666666666,22,60
tiempo_fijo,fixed,deterministic,7014,-359.20000000000005,4.9,1.2833333333333334,22,60
tiempo_fijo,fixed,deterministic,7015,-339.20000000000005,4.633333333333334,1.25,22,60
tiempo_fijo,fixed,deterministic,7016,-418.20000000000005,5.683333333333334,1.5,22,60
tiempo_fijo,fixed,deterministic,7017,-390.20000000000005,5.3,1.4666666666666666,22,60
tiempo_fijo,fixed,deterministic,7018,-404.2000000000001,5.5,1.4333333333333333,22,60
tiempo_fijo,fixed,deterministic,7019,-368.20000000000005,4.95,1.3666666666666667,22,60
tiempo_fijo,fixed,deterministic,7020,-443.20000000000005,6.033333333333333,1.5,22,60
tiempo_fijo,fixed,deterministic,7021,-411.20000000000005,5.583333333333333,1.4833333333333334,22,60
tiempo_fijo,fixed,deterministic,7022,-470.2000000000001,6.466666666666667,1.6,22,60
tiempo_fijo,fixed,deterministic,7023,-375.20000000000005,5.05,1.3166666666666667,22,60
tiempo_fijo,fixed,deterministic,7024,-438.2000000000001,6.033333333333333,1.5666666666666667,22,60
tiempo_fijo,fixed,deterministic,7025,-385.2000000000001,5.216666666666667,1.35,22,60
tiempo_fijo,fixed,deterministic,7026,-363.20000000000005,4.866666666666666,1.4,22,60
tiempo_fijo,fixed,deterministic,7027,-342.20000000000005,4.583333333333333,1.25,22,60
tiempo_fijo,fixed,deterministic,7028,-374.20000000000005,5.016666666666667,1.3833333333333333,22,60
tiempo_fijo,fixed,deterministic,7029,-405.20000000000005,5.616666666666666,1.3833333333333333,22,60
